User_ID,Content_Type,Content_Duration,Watch_Time,Pause_Count,Replay_Count,Notes_Count,Quiz_Attempts,Quiz_Score,Login_Frequency,Session_Duration,Previous_Content_Completion,Device_Type,Time_of_Day,Completion_Status,Watch_Percentage,Average_Session_Time,Engagement_Score,Replay_Ratio,Quiz_Performance,Cluster,User_Segment
U001,Tutorial,71,23,2,4,0,2,42,15,38,Completed,Tablet,Morning,Completed,32.3943661971831,2.533333333333333,25.715197701791485,0.16666666666666666,21.0,0,Passive Users
U002,Quiz,93,88,7,4,1,3,61,5,68,Not Completed,Tablet,Afternoon,Completed,94.6236559139785,13.6,54.98349057382779,0.0449438202247191,20.333333333333332,1,Regular Learners
U003,Course,98,98,2,2,4,4,83,13,134,Not Completed,Mobile,Afternoon,Completed,100.0,10.307692307692308,84.26226151063176,0.020202020202020204,20.75,2,Highly Engaged Learners
U004,Quiz,95,24,7,3,1,2,41,8,107,Completed,Mobile,Evening,Not Completed,25.263157894736842,13.375,16.09144195688375,0.12,20.5,0,Passive Users
U005,Quiz,22,22,3,1,3,4,63,8,26,Not Completed,Mobile,Afternoon,Completed,100.0,3.25,62.88269224205604,0.043478260869565216,15.75,1,Regular Learners
U006,Article,68,16,0,5,3,4,73,5,116,Completed,Tablet,Morning,Not Completed,23.52941176470588,23.2,40.210567315086045,0.29411764705882354,18.25,0,Passive Users
U007,Course,28,28,2,3,3,0,66,12,52,Completed,Tablet,Morning,Completed,100.0,4.333333333333333,75.65104611078877,0.10344827586206896,66.0,1,Regular Learners
U008,Course,58,5,6,5,5,2,94,9,89,Not Completed,Tablet,Night,Not Completed,8.620689655172415,9.88888888888889,55.99167207071913,0.8333333333333334,47.0,0,Passive Users
U009,Course,109,94,7,2,5,2,80,15,171,Not Completed,Mobile,Morning,Completed,86.23853211009175,11.4,85.14762848467447,0.021052631578947368,40.0,2,Highly Engaged Learners
U010,Quiz,21,18,2,2,0,4,40,1,17,Not Completed,Tablet,Night,Not Completed,85.71428571428571,17.0,26.698619650597532,0.10526315789473684,10.0,1,Regular Learners
U011,Tutorial,70,68,5,2,3,3,47,4,150,Completed,Laptop,Afternoon,Completed,97.14285714285714,37.5,55.58649003135163,0.028985507246376812,15.666666666666666,2,Highly Engaged Learners
U012,Course,114,42,1,0,4,0,62,3,115,Completed,Tablet,Morning,Not Completed,36.84210526315789,38.333333333333336,29.016079226702544,0.0,62.0,0,Passive Users
U013,Quiz,28,28,6,5,1,4,77,2,17,Completed,Laptop,Afternoon,Completed,100.0,8.5,62.288815317928936,0.1724137931034483,19.25,1,Regular Learners
U014,Article,85,15,6,3,2,1,45,15,105,Not Completed,Tablet,Morning,Not Completed,17.647058823529413,7.0,27.913821591983673,0.1875,45.0,0,Passive Users
U015,Tutorial,18,18,7,3,4,1,61,8,103,Not Completed,Mobile,Morning,Completed,100.0,12.875,75.3541076487252,0.15789473684210525,61.0,1,Regular Learners
U016,Article,80,80,5,4,5,0,64,7,74,Not Completed,Tablet,Night,Completed,100.0,10.571428571428571,84.55919997269531,0.04938271604938271,64.0,1,Regular Learners
U017,Tutorial,37,37,5,4,5,3,57,9,180,Not Completed,Laptop,Afternoon,Completed,100.0,20.0,84.85613843475886,0.10526315789473684,19.0,2,Highly Engaged Learners
U018,Quiz,87,7,4,4,4,4,56,2,48,Completed,Laptop,Morning,Not Completed,8.045977011494253,24.0,26.618655926823443,0.5,14.0,0,Passive Users
U019,Video,104,37,7,2,5,2,100,14,90,Completed,Tablet,Evening,Completed,35.57692307692308,6.428571428571429,65.82923544253282,0.05263157894736842,50.0,0,Passive Users
U020,Tutorial,61,10,0,3,3,0,51,14,93,Completed,Laptop,Afternoon,Completed,16.39344262295082,6.642857142857143,33.850872770793394,0.2727272727272727,51.0,0,Passive Users
U021,Article,92,54,1,5,0,3,45,4,97,Completed,Laptop,Afternoon,Not Completed,58.69565217391305,24.25,29.599763755106643,0.09090909090909091,15.0,1,Regular Learners
U022,Quiz,120,14,3,2,1,2,65,14,95,Not Completed,Mobile,Afternoon,Not Completed,11.666666666666666,6.785714285714286,20.321512679613647,0.13333333333333333,32.5,0,Passive Users
U023,Tutorial,25,9,6,0,0,1,66,15,102,Not Completed,Tablet,Night,Not Completed,36.0,6.8,20.301716782142734,0.0,66.0,0,Passive Users
U024,Video,78,27,3,4,1,1,47,6,95,Not Completed,Tablet,Evening,Not Completed,34.61538461538461,15.833333333333334,23.504083888397346,0.14285714285714285,47.0,0,Passive Users
U025,Video,108,14,2,2,1,2,58,11,53,Completed,Tablet,Afternoon,Not Completed,12.962962962962962,4.818181818181818,15.295554266167596,0.13333333333333333,29.0,0,Passive Users
U026,Course,21,21,2,2,0,0,99,3,146,Completed,Laptop,Morning,Completed,100.0,48.666666666666664,53.38066145602238,0.09090909090909091,99.0,2,Highly Engaged Learners
U027,Course,34,6,3,0,4,1,81,8,174,Not Completed,Tablet,Morning,Not Completed,17.647058823529413,21.75,31.47708313674629,0.0,81.0,0,Passive Users
U028,Article,61,17,2,1,1,4,40,3,83,Not Completed,Tablet,Night,Not Completed,27.86885245901639,27.666666666666668,3.967180662463167,0.05555555555555555,10.0,0,Passive Users
U029,Tutorial,94,44,0,3,0,2,96,14,45,Completed,Mobile,Morning,Completed,46.808510638297875,3.2142857142857144,43.84704147189687,0.06666666666666667,48.0,0,Passive Users
U030,Tutorial,109,6,5,5,1,2,68,12,110,Not Completed,Mobile,Afternoon,Not Completed,5.5045871559633035,9.166666666666666,26.598991542749218,0.7142857142857143,34.0,0,Passive Users
U031,Course,62,62,2,1,2,1,84,13,165,Completed,Mobile,Morning,Completed,100.0,12.692307692307692,69.11839994539064,0.015873015873015872,84.0,2,Highly Engaged Learners
U032,Tutorial,32,32,4,4,4,0,88,13,179,Completed,Laptop,Afternoon,Completed,100.0,13.76923076923077,92.87347691047476,0.12121212121212122,88.0,2,Highly Engaged Learners
U033,Tutorial,25,25,2,2,3,4,74,2,180,Completed,Tablet,Morning,Completed,100.0,90.0,62.585753779992494,0.07692307692307693,18.5,2,Highly Engaged Learners
U034,Video,66,66,1,0,1,0,79,13,179,Not Completed,Mobile,Evening,Completed,100.0,13.76923076923077,58.131676849039216,0.0,79.0,2,Highly Engaged Learners
U035,Course,48,48,0,0,2,3,53,13,113,Not Completed,Mobile,Night,Completed,100.0,8.692307692307692,56.350046076657904,0.0,17.666666666666668,2,Highly Engaged Learners
U036,Quiz,118,21,1,3,3,3,74,3,75,Completed,Mobile,Night,Not Completed,17.796610169491526,25.0,28.281812128718453,0.13636363636363635,24.666666666666668,0,Passive Users
U037,Course,62,13,1,1,3,1,87,11,64,Not Completed,Tablet,Evening,Completed,20.967741935483872,5.818181818181818,36.024129415404474,0.07142857142857142,87.0,0,Passive Users
U038,Quiz,51,51,4,3,1,1,84,6,100,Completed,Tablet,Evening,Completed,100.0,16.666666666666668,61.99187685586539,0.057692307692307696,84.0,1,Regular Learners
U039,Video,67,19,0,2,0,1,59,2,31,Completed,Tablet,Night,Not Completed,28.35820895522388,15.5,6.278243921523482,0.1,59.0,0,Passive Users
U040,Article,48,28,0,3,1,3,95,8,110,Completed,Laptop,Evening,Completed,58.333333333333336,13.75,47.83781016416944,0.10344827586206896,31.666666666666668,0,Passive Users
U041,Tutorial,23,23,7,5,2,0,88,1,164,Completed,Laptop,Afternoon,Completed,100.0,164.0,70.30615379364484,0.20833333333333334,88.0,2,Highly Engaged Learners
U042,Video,104,39,0,0,3,0,52,7,130,Not Completed,Mobile,Morning,Not Completed,37.5,18.571428571428573,25.171507559984985,0.0,52.0,0,Passive Users
U043,Tutorial,14,14,0,0,1,1,100,2,102,Completed,Tablet,Night,Completed,100.0,51.0,51.302092221577524,0.0,100.0,2,Highly Engaged Learners
U044,Article,44,44,0,4,0,4,77,10,117,Completed,Mobile,Evening,Completed,100.0,11.7,62.288815317928936,0.08888888888888889,19.25,2,Highly Engaged Learners
U045,Article,96,53,4,4,1,0,88,12,150,Not Completed,Tablet,Afternoon,Completed,55.208333333333336,12.5,52.58882555718626,0.07407407407407407,88.0,2,Highly Engaged Learners
U046,Video,102,73,2,2,4,3,85,6,19,Completed,Tablet,Night,Completed,71.56862745098039,3.1666666666666665,63.034072634480594,0.02702702702702703,28.333333333333332,1,Regular Learners
U047,Article,116,66,7,5,0,2,88,12,18,Completed,Tablet,Evening,Completed,56.896551724137936,1.5,51.015393016826515,0.07462686567164178,44.0,1,Regular Learners
U048,Quiz,84,64,1,1,2,2,47,2,164,Not Completed,Laptop,Night,Not Completed,76.19047619047619,82.0,33.754443106298126,0.015384615384615385,23.5,2,Highly Engaged Learners
U049,Article,27,27,0,3,3,2,82,2,43,Not Completed,Laptop,Evening,Completed,100.0,21.5,68.52452302126353,0.10714285714285714,41.0,1,Regular Learners
U050,Tutorial,120,54,6,2,1,4,59,10,138,Not Completed,Tablet,Night,Not Completed,45.0,13.8,29.625584490938255,0.03636363636363636,14.75,0,Passive Users
U051,Tutorial,85,82,2,4,0,1,99,13,169,Completed,Mobile,Afternoon,Completed,96.47058823529412,13.0,70.70789406584846,0.04819277108433735,99.0,2,Highly Engaged Learners
U052,Tutorial,18,18,2,3,4,3,72,8,98,Not Completed,Tablet,Afternoon,Completed,100.0,12.25,78.62043073142428,0.15789473684210525,24.0,1,Regular Learners
U053,Tutorial,83,13,1,4,0,4,65,15,102,Not Completed,Tablet,Morning,Not Completed,15.66265060240964,6.8,24.595518495018336,0.2857142857142857,16.25,0,Passive Users
U054,Quiz,67,38,4,3,5,3,78,15,80,Completed,Mobile,Night,Completed,56.71641791044776,5.333333333333333,74.09101120561907,0.07692307692307693,26.0,0,Passive Users
U055,Course,117,80,3,1,4,3,60,12,76,Completed,Tablet,Morning,Completed,68.37606837606837,6.333333333333333,57.657082896852174,0.012345679012345678,20.0,0,Passive Users
U056,Video,26,26,3,2,2,1,92,2,157,Completed,Mobile,Night,Completed,100.0,78.5,61.99187685586539,0.07407407407407407,92.0,2,Highly Engaged Learners
U057,Tutorial,111,39,2,3,3,2,88,7,126,Completed,Laptop,Evening,Completed,35.13513513513514,18.0,45.427525891022945,0.075,44.0,0,Passive Users
U058,Article,16,5,5,5,2,1,81,3,103,Completed,Laptop,Evening,Not Completed,31.25,34.333333333333336,37.939861428717705,0.8333333333333334,81.0,0,Passive Users
U059,Tutorial,55,44,5,0,1,4,82,8,172,Not Completed,Mobile,Morning,Completed,80.0,21.5,43.58169220792518,0.0,20.5,2,Highly Engaged Learners
U060,Article,22,22,1,5,0,4,93,7,108,Not Completed,Laptop,Night,Completed,100.0,15.428571428571429,67.03983071094576,0.21739130434782608,23.25,1,Regular Learners
U061,Article,49,26,3,5,5,4,80,14,122,Not Completed,Laptop,Morning,Completed,53.06122448979592,8.714285714285714,78.88706935042012,0.18518518518518517,20.0,0,Passive Users
U062,Tutorial,51,51,2,0,4,1,48,8,112,Completed,Mobile,Afternoon,Completed,100.0,14.0,60.804123007611175,0.0,48.0,2,Highly Engaged Learners
U063,Quiz,18,18,4,5,4,3,63,14,100,Completed,Laptop,Morning,Completed,100.0,7.142857142857143,90.2010307519028,0.2631578947368421,21.0,1,Regular Learners
U064,Article,59,59,3,3,0,3,76,7,99,Completed,Tablet,Morning,Completed,100.0,14.142857142857142,54.86535376634014,0.05,25.333333333333332,1,Regular Learners
U065,Article,36,36,2,3,5,0,88,11,26,Not Completed,Tablet,Evening,Completed,100.0,2.3636363636363638,92.87347691047476,0.08108108108108109,88.0,1,Regular Learners
U066,Tutorial,75,15,2,3,0,4,80,6,27,Not Completed,Mobile,Morning,Not Completed,20.0,4.5,16.857230622205538,0.1875,20.0,0,Passive Users
U067,Article,14,14,0,0,1,3,56,13,125,Completed,Laptop,Night,Completed,100.0,9.615384615384615,51.302092221577524,0.0,18.666666666666668,2,Highly Engaged Learners
U068,Article,38,38,4,5,2,0,63,7,102,Not Completed,Tablet,Evening,Completed,100.0,14.571428571428571,70.00921533158127,0.1282051282051282,63.0,1,Regular Learners
U069,Tutorial,46,18,0,0,4,3,60,5,100,Completed,Tablet,Morning,Completed,39.130434782608695,20.0,31.88489887620441,0.0,20.0,0,Passive Users
U070,Tutorial,47,47,1,3,1,4,90,7,91,Not Completed,Laptop,Afternoon,Completed,100.0,13.0,64.9612614765009,0.0625,22.5,1,Regular Learners
U071,Video,92,34,0,5,2,2,98,1,77,Not Completed,Laptop,Morning,Not Completed,36.95652173913043,77.0,43.32348484960905,0.14285714285714285,49.0,0,Passive Users
U072,Quiz,17,17,6,5,1,4,78,1,123,Not Completed,Tablet,Morning,Completed,100.0,123.0,61.397999931738276,0.2777777777777778,19.5,1,Regular Learners
U073,Quiz,118,89,0,4,5,1,94,9,10,Completed,Tablet,Morning,Completed,75.42372881355932,1.1111111111111112,84.16663726013671,0.044444444444444446,94.0,1,Regular Learners
U074,Article,74,41,6,4,4,3,80,14,67,Not Completed,Mobile,Evening,Completed,55.4054054054054,4.785714285714286,70.49876252579416,0.09523809523809523,26.666666666666668,0,Passive Users
U075,Quiz,95,9,3,1,0,3,78,5,163,Not Completed,Mobile,Night,Not Completed,9.473684210526317,32.6,2.9480079255444336,0.1,26.0,0,Passive Users
U076,Article,26,26,5,2,0,1,52,13,118,Completed,Tablet,Afternoon,Completed,100.0,9.076923076923077,51.302092221577524,0.07407407407407407,52.0,2,Highly Engaged Learners
U077,Video,80,80,7,4,2,1,50,5,157,Not Completed,Mobile,Morning,Completed,100.0,31.4,60.21024608348407,0.04938271604938271,50.0,2,Highly Engaged Learners
U078,Tutorial,98,30,7,0,3,2,85,3,125,Completed,Tablet,Night,Not Completed,30.612244897959183,41.666666666666664,26.947078363752752,0.0,42.5,0,Passive Users
U079,Tutorial,54,54,2,4,5,3,58,5,96,Completed,Tablet,Night,Completed,100.0,19.2,80.40206150380558,0.07272727272727272,19.333333333333332,1,Regular Learners
U080,Tutorial,13,8,7,1,2,3,50,3,19,Completed,Mobile,Evening,Not Completed,61.53846153846154,6.333333333333333,28.871817625700007,0.1111111111111111,16.666666666666668,1,Regular Learners
U081,Quiz,45,45,6,5,3,2,52,9,68,Completed,Mobile,Afternoon,Completed,100.0,7.555555555555555,75.05716918666167,0.10869565217391304,26.0,1,Regular Learners
U082,Video,79,79,4,1,1,0,85,9,50,Completed,Laptop,Evening,Completed,100.0,5.555555555555555,58.72555377316632,0.0125,85.0,1,Regular Learners
U083,Quiz,40,40,0,5,5,2,84,6,114,Not Completed,Laptop,Night,Completed,100.0,19.0,92.87347691047476,0.12195121951219512,42.0,1,Regular Learners
U084,Quiz,28,28,6,5,1,4,40,15,142,Completed,Laptop,Night,Completed,100.0,9.466666666666667,66.74289224888221,0.1724137931034483,10.0,2,Highly Engaged Learners
U085,Video,70,22,4,2,4,3,79,1,131,Completed,Tablet,Night,Not Completed,31.428571428571427,131.0,36.24307021692598,0.08695652173913043,26.333333333333332,0,Passive Users
U086,Video,117,44,5,4,5,1,83,7,154,Completed,Mobile,Evening,Completed,37.60683760683761,22.0,60.55794325701148,0.08888888888888889,83.0,0,Passive Users
U087,Video,63,63,7,0,3,4,58,7,31,Completed,Tablet,Afternoon,Completed,100.0,4.428571428571429,56.646984538721455,0.0,14.5,1,Regular Learners
U088,Video,48,43,5,0,4,3,51,14,107,Not Completed,Mobile,Morning,Completed,89.58333333333334,7.642857142857143,63.87248711560123,0.0,17.0,2,Highly Engaged Learners
U089,Tutorial,100,100,7,3,0,2,47,10,178,Completed,Tablet,Evening,Completed,100.0,17.8,49.81739991125977,0.0297029702970297,23.5,2,Highly Engaged Learners
U090,Course,83,18,0,5,3,4,47,10,77,Not Completed,Laptop,Night,Not Completed,21.686746987951807,7.7,37.553483670851875,0.2631578947368421,11.75,0,Passive Users
U091,Course,99,36,1,0,2,3,100,4,148,Completed,Laptop,Evening,Completed,36.36363636363637,37.0,29.38263484015899,0.0,33.333333333333336,0,Passive Users
U092,Video,28,28,0,2,0,0,92,8,65,Not Completed,Laptop,Night,Completed,100.0,8.125,57.24086146284856,0.06896551724137931,92.0,1,Regular Learners
U093,Course,48,42,3,5,0,0,84,6,158,Completed,Tablet,Morning,Completed,87.5,26.333333333333332,57.24086146284856,0.11627906976744186,84.0,2,Highly Engaged Learners
U094,Course,76,76,6,2,2,1,51,4,108,Completed,Mobile,Morning,Completed,100.0,27.0,52.19290760776818,0.025974025974025976,51.0,1,Regular Learners
U095,Video,54,27,2,0,5,3,100,4,85,Not Completed,Mobile,Afternoon,Completed,50.0,21.25,53.67759991808594,0.0,33.333333333333336,0,Passive Users
U096,Course,22,22,1,0,0,0,87,2,35,Completed,Laptop,Night,Completed,100.0,17.5,41.50312297348032,0.0,87.0,1,Regular Learners
U097,Quiz,101,19,0,3,3,2,72,14,124,Not Completed,Laptop,Afternoon,Completed,18.81188118811881,8.857142857142858,41.23558435914583,0.15,36.0,0,Passive Users
U098,Article,67,67,4,0,4,3,84,2,156,Completed,Laptop,Afternoon,Completed,100.0,78.0,64.36738455237379,0.0,28.0,2,Highly Engaged Learners
U099,Article,29,29,1,5,0,2,65,12,118,Not Completed,Laptop,Morning,Completed,100.0,9.833333333333334,64.66432301443736,0.16666666666666666,32.5,2,Highly Engaged Learners
U100,Video,101,21,6,5,3,2,78,14,56,Completed,Mobile,Evening,Completed,20.792079207920793,4.0,51.08453334838244,0.22727272727272727,39.0,0,Passive Users
U101,Tutorial,81,81,7,5,1,0,67,4,80,Completed,Tablet,Evening,Completed,100.0,20.0,61.694938393801834,0.06097560975609756,67.0,1,Regular Learners
U102,Video,70,70,1,3,3,3,97,5,163,Not Completed,Tablet,Afternoon,Completed,100.0,32.6,76.54186149697941,0.04225352112676056,32.333333333333336,2,Highly Engaged Learners
U103,Tutorial,114,70,7,3,4,4,44,8,49,Completed,Tablet,Morning,Completed,61.40350877192983,6.125,51.9689013995448,0.04225352112676056,11.0,1,Regular Learners
U104,Article,48,48,6,0,3,0,47,15,142,Completed,Tablet,Night,Completed,100.0,9.466666666666667,62.88269224205604,0.0,47.0,2,Highly Engaged Learners
U105,Video,10,10,0,1,2,0,64,6,158,Completed,Laptop,Evening,Completed,100.0,26.333333333333332,54.86535376634014,0.09090909090909091,64.0,2,Highly Engaged Learners
U106,Quiz,12,12,6,1,4,3,66,14,141,Completed,Laptop,Afternoon,Completed,100.0,10.071428571428571,76.83879995904297,0.07692307692307693,22.0,2,Highly Engaged Learners
U107,Course,86,86,1,3,5,3,85,15,32,Completed,Laptop,Evening,Completed,100.0,2.1333333333333333,96.73367691730094,0.034482758620689655,28.333333333333332,1,Regular Learners
U108,Tutorial,101,55,4,0,1,2,62,4,115,Completed,Tablet,Evening,Not Completed,54.45544554455446,28.75,20.755650431079488,0.0,31.0,0,Passive Users
U109,Course,71,43,5,1,2,3,69,13,93,Not Completed,Laptop,Night,Completed,60.56338028169014,7.153846153846154,45.927924281413254,0.022727272727272728,23.0,0,Passive Users
U110,Course,72,55,1,0,5,2,84,11,152,Not Completed,Laptop,Morning,Completed,76.38888888888889,13.818181818181818,69.77826319442075,0.0,42.0,2,Highly Engaged Learners
U111,Video,34,34,6,0,3,0,86,7,125,Not Completed,Mobile,Night,Completed,100.0,17.857142857142858,64.9612614765009,0.0,86.0,2,Highly Engaged Learners
U112,Course,65,10,5,0,4,1,62,8,118,Completed,Mobile,Morning,Not Completed,15.384615384615385,14.75,24.76036199712776,0.0,62.0,0,Passive Users
U113,Quiz,42,42,6,4,1,4,88,2,145,Not Completed,Laptop,Evening,Completed,100.0,72.5,61.99187685586539,0.09302325581395349,22.0,2,Highly Engaged Learners
U114,Course,47,11,4,5,2,0,86,12,50,Completed,Mobile,Afternoon,Completed,23.404255319148938,4.166666666666667,46.386812998483,0.4166666666666667,86.0,0,Passive Users
U115,Video,15,15,6,0,5,3,59,7,121,Completed,Mobile,Night,Completed,100.0,17.285714285714285,68.82146148332707,0.0,19.666666666666668,2,Highly Engaged Learners
U116,Quiz,67,67,0,4,5,4,57,15,156,Completed,Laptop,Morning,Completed,100.0,10.4,91.9826615242841,0.058823529411764705,14.25,2,Highly Engaged Learners
U117,Article,53,46,2,3,1,1,57,14,121,Completed,Laptop,Evening,Completed,86.79245283018868,8.642857142857142,57.201643175406204,0.06382978723404255,57.0,2,Highly Engaged Learners
U118,Course,54,54,7,1,3,1,41,2,112,Not Completed,Laptop,Morning,Not Completed,100.0,56.0,49.22352298713266,0.01818181818181818,41.0,1,Regular Learners
U119,Video,41,41,7,5,1,2,43,2,55,Completed,Laptop,Morning,Completed,100.0,27.5,52.19290760776818,0.11904761904761904,21.5,1,Regular Learners
U120,Article,54,19,1,1,5,4,69,8,165,Not Completed,Tablet,Morning,Completed,35.18518518518518,20.625,45.7482432089074,0.05,17.25,0,Passive Users
U121,Article,70,70,2,5,0,2,72,2,77,Completed,Tablet,Evening,Completed,100.0,38.5,54.86535376634014,0.07042253521126761,36.0,1,Regular Learners
U122,Tutorial,56,33,6,1,2,0,75,15,131,Not Completed,Laptop,Afternoon,Completed,58.92857142857143,8.733333333333333,49.308362547722254,0.029411764705882353,75.0,2,Highly Engaged Learners
U123,Quiz,30,30,4,5,1,4,57,11,24,Not Completed,Mobile,Afternoon,Completed,100.0,2.1818181818181817,67.03983071094576,0.16129032258064516,14.25,1,Regular Learners
U124,Course,89,89,1,1,5,0,76,9,174,Not Completed,Laptop,Afternoon,Completed,100.0,19.333333333333332,79.80818457967848,0.011111111111111112,76.0,2,Highly Engaged Learners
U125,Video,94,94,6,1,3,2,58,12,138,Not Completed,Laptop,Morning,Completed,100.0,11.5,66.14901532475511,0.010526315789473684,29.0,2,Highly Engaged Learners
U126,Tutorial,84,84,5,1,5,4,86,1,120,Not Completed,Mobile,Evening,Completed,100.0,120.0,73.27553841428035,0.011764705882352941,21.5,2,Highly Engaged Learners
U127,Quiz,110,31,3,1,3,2,67,15,33,Not Completed,Tablet,Morning,Completed,28.18181818181818,2.2,38.263794296423406,0.03125,33.5,0,Passive Users
U128,Tutorial,45,40,6,3,1,4,79,9,36,Completed,Laptop,Afternoon,Completed,88.88888888888889,4.0,58.791540098069326,0.07317073170731707,19.75,1,Regular Learners
U129,Quiz,108,33,2,0,3,2,59,15,49,Not Completed,Laptop,Afternoon,Completed,30.555555555555557,3.2666666666666666,33.452791335312924,0.0,29.5,0,Passive Users
U130,Quiz,28,28,1,2,4,1,88,1,173,Completed,Tablet,Evening,Completed,100.0,173.0,71.49390764189903,0.06896551724137931,88.0,2,Highly Engaged Learners
U131,Course,29,29,2,4,4,2,72,10,33,Not Completed,Tablet,Morning,Completed,100.0,3.3,84.55919997269531,0.13333333333333333,36.0,1,Regular Learners
U132,Quiz,66,66,1,2,4,1,51,13,33,Completed,Mobile,Night,Completed,100.0,2.5384615384615383,74.7602307245981,0.029850746268656716,51.0,1,Regular Learners
U133,Tutorial,27,27,6,2,0,2,97,10,13,Not Completed,Tablet,Night,Completed,100.0,1.3,61.10106146967473,0.07142857142857142,48.5,1,Regular Learners
U134,Quiz,56,31,0,5,1,4,90,2,76,Not Completed,Tablet,Afternoon,Not Completed,55.35714285714286,38.0,44.939125177358555,0.15625,22.5,1,Regular Learners
U135,Course,114,59,5,0,5,4,54,6,43,Completed,Tablet,Evening,Completed,51.75438596491229,7.166666666666667,43.22744983213008,0.0,13.5,0,Passive Users
U136,Course,58,37,6,5,5,4,80,6,125,Not Completed,Mobile,Morning,Completed,63.793103448275865,20.833333333333332,74.48377077715963,0.13157894736842105,20.0,2,Highly Engaged Learners
U137,Tutorial,23,23,7,0,0,3,78,1,32,Not Completed,Tablet,Morning,Completed,100.0,32.0,37.642922966654154,0.0,26.0,1,Regular Learners
U138,Article,24,24,2,0,3,0,41,7,118,Not Completed,Tablet,Afternoon,Completed,100.0,16.857142857142858,51.599030683641075,0.0,41.0,2,Highly Engaged Learners
U139,Article,40,40,3,1,0,4,68,8,78,Completed,Mobile,Afternoon,Completed,100.0,9.75,46.5510768285607,0.024390243902439025,17.0,1,Regular Learners
U140,Quiz,10,10,3,3,3,1,80,2,104,Not Completed,Tablet,Morning,Completed,100.0,52.0,67.93064609713642,0.2727272727272727,80.0,1,Regular Learners
U141,Video,63,9,4,1,3,4,49,8,71,Completed,Tablet,Morning,Not Completed,14.285714285714285,8.875,18.002564690164952,0.1,12.25,0,Passive Users
U142,Quiz,12,12,1,3,2,3,41,9,178,Not Completed,Mobile,Afternoon,Completed,100.0,19.77777777777778,58.72555377316632,0.23076923076923078,13.666666666666666,2,Highly Engaged Learners
U143,Tutorial,25,25,2,5,5,1,90,6,66,Not Completed,Laptop,Morning,Completed,100.0,11.0,94.65510768285607,0.19230769230769232,90.0,1,Regular Learners
U144,Tutorial,96,42,4,3,4,3,50,5,63,Completed,Mobile,Night,Not Completed,43.75,12.6,41.800061435543874,0.06976744186046512,16.666666666666668,0,Passive Users
U145,Tutorial,66,17,2,5,3,1,52,12,79,Not Completed,Tablet,Afternoon,Not Completed,25.757575757575758,6.583333333333333,43.34774069235997,0.2777777777777778,52.0,0,Passive Users
U146,Tutorial,84,35,7,2,2,2,49,9,110,Not Completed,Tablet,Morning,Not Completed,41.66666666666667,12.222222222222221,29.8235434656473,0.05555555555555555,24.5,0,Passive Users
U147,Tutorial,21,21,1,2,5,0,53,13,66,Completed,Tablet,Afternoon,Completed,100.0,5.076923076923077,81.29287688999625,0.09090909090909091,53.0,1,Regular Learners
U148,Course,83,83,6,3,4,0,57,12,147,Not Completed,Mobile,Evening,Completed,100.0,12.25,78.91736919348783,0.03571428571428571,57.0,2,Highly Engaged Learners
U149,Article,105,105,6,3,3,3,90,11,177,Completed,Tablet,Afternoon,Completed,100.0,16.09090909090909,81.58981535205979,0.02830188679245283,30.0,2,Highly Engaged Learners
U150,Tutorial,25,25,3,5,3,0,93,9,144,Completed,Tablet,Afternoon,Completed,100.0,16.0,87.23164613126728,0.19230769230769232,93.0,2,Highly Engaged Learners
U151,Video,81,56,6,1,0,3,48,1,112,Completed,Mobile,Evening,Not Completed,69.1358024691358,112.0,17.634402893285444,0.017543859649122806,16.0,1,Regular Learners
U152,Video,111,60,6,5,0,3,96,11,175,Not Completed,Laptop,Night,Completed,54.054054054054056,15.909090909090908,50.85267184656242,0.08196721311475409,32.0,2,Highly Engaged Learners
U153,Video,85,19,7,1,5,3,78,3,94,Completed,Laptop,Morning,Not Completed,22.35294117647059,31.333333333333332,36.385301244973235,0.05,26.0,0,Passive Users
U154,Video,33,33,0,2,4,0,67,9,70,Completed,Tablet,Evening,Completed,100.0,7.777777777777778,74.7602307245981,0.058823529411764705,67.0,1,Regular Learners
U155,Course,37,12,3,0,3,3,42,11,12,Not Completed,Mobile,Afternoon,Not Completed,32.432432432432435,1.0909090909090908,24.545529180499663,0.0,14.0,0,Passive Users
U156,Video,17,9,4,3,5,0,59,2,137,Completed,Tablet,Morning,Completed,52.94117647058824,68.5,51.21475737979414,0.3,59.0,0,Passive Users
U157,Tutorial,101,33,5,1,5,3,45,12,95,Not Completed,Mobile,Evening,Not Completed,32.67326732673268,7.916666666666667,42.17931947124881,0.029411764705882353,15.0,0,Passive Users
U158,Quiz,45,45,0,5,1,4,66,4,56,Not Completed,Mobile,Morning,Completed,100.0,14.0,61.397999931738276,0.10869565217391304,16.5,1,Regular Learners
U159,Video,99,72,4,2,0,3,92,4,85,Not Completed,Laptop,Morning,Completed,72.72727272727273,21.25,39.53253136160403,0.0273972602739726,30.666666666666668,1,Regular Learners
U160,Course,17,17,1,1,4,1,41,2,47,Not Completed,Laptop,Evening,Completed,100.0,23.5,55.1622922284037,0.05555555555555555,41.0,1,Regular Learners
U161,Course,67,49,0,5,3,3,68,15,173,Completed,Mobile,Morning,Completed,73.13432835820896,11.533333333333333,74.17078571781525,0.1,22.666666666666668,2,Highly Engaged Learners
U162,Video,69,6,7,3,5,2,77,3,178,Completed,Tablet,Night,Not Completed,8.695652173913043,59.333333333333336,36.726286844631886,0.42857142857142855,38.5,0,Passive Users
U163,Quiz,59,31,4,3,3,3,42,13,150,Completed,Laptop,Evening,Completed,52.54237288135594,11.538461538461538,47.16508517384466,0.09375,14.0,0,Passive Users
U164,Video,37,37,1,4,1,1,55,3,96,Completed,Tablet,Night,Completed,100.0,32.0,53.38066145602238,0.10526315789473684,55.0,1,Regular Learners
U165,Course,101,101,3,0,4,1,69,1,67,Completed,Laptop,Afternoon,Completed,100.0,67.0,58.72555377316632,0.0,69.0,1,Regular Learners
U166,Article,110,110,5,4,5,0,79,6,59,Not Completed,Laptop,Morning,Completed,100.0,9.833333333333334,87.82552305539438,0.036036036036036036,79.0,1,Regular Learners
U167,Tutorial,50,40,1,2,3,4,41,8,39,Completed,Tablet,Afternoon,Completed,80.0,4.875,50.41127683538688,0.04878048780487805,10.25,1,Regular Learners
U168,Course,109,40,6,1,0,3,56,12,110,Completed,Laptop,Afternoon,Not Completed,36.69724770642202,9.166666666666666,17.663595620102885,0.024390243902439025,18.666666666666668,0,Passive Users
U169,Video,73,30,2,2,1,0,80,3,34,Completed,Laptop,Morning,Not Completed,41.0958904109589,11.333333333333334,25.692166781137516,0.06451612903225806,80.0,0,Passive Users
U170,Tutorial,36,36,1,5,4,4,51,5,121,Not Completed,Tablet,Evening,Completed,100.0,24.2,75.9479845728523,0.13513513513513514,12.75,1,Regular Learners
U171,Video,72,31,1,3,1,3,74,1,164,Not Completed,Laptop,Morning,Not Completed,43.05555555555556,164.0,26.029329783724144,0.09375,24.666666666666668,0,Passive Users
U172,Video,26,26,5,4,0,2,82,10,135,Completed,Laptop,Afternoon,Completed,100.0,13.5,63.7735076282467,0.14814814814814814,41.0,2,Highly Engaged Learners
U173,Article,82,24,2,4,4,3,40,7,132,Not Completed,Laptop,Afternoon,Not Completed,29.268292682926827,18.857142857142858,37.889164618121484,0.16,13.333333333333334,0,Passive Users
U174,Tutorial,42,15,6,4,1,1,94,10,56,Completed,Tablet,Evening,Completed,35.714285714285715,5.6,42.73329660202931,0.25,94.0,0,Passive Users
U175,Tutorial,93,78,4,2,2,1,84,13,127,Completed,Mobile,Morning,Completed,83.87096774193549,9.76923076923077,65.0187334369003,0.02531645569620253,84.0,2,Highly Engaged Learners
U176,Article,86,86,4,3,0,2,54,1,48,Not Completed,Tablet,Afternoon,Not Completed,100.0,48.0,41.20618451141677,0.034482758620689655,27.0,1,Regular Learners
U177,Course,101,42,1,1,0,0,65,12,25,Not Completed,Mobile,Night,Not Completed,41.584158415841586,2.0833333333333335,22.657820579149966,0.023255813953488372,65.0,0,Passive Users
U178,Video,38,10,7,5,0,4,76,11,31,Completed,Laptop,Afternoon,Not Completed,26.31578947368421,2.8181818181818183,31.73541040560034,0.45454545454545453,19.0,0,Passive Users
U179,Quiz,22,22,7,1,2,3,60,9,63,Completed,Mobile,Afternoon,Completed,100.0,7.0,57.24086146284856,0.043478260869565216,20.0,1,Regular Learners
U180,Video,55,27,2,2,2,1,88,8,158,Not Completed,Tablet,Evening,Completed,49.09090909090909,19.75,43.74365864177803,0.07142857142857142,88.0,2,Highly Engaged Learners
U181,Video,44,44,2,5,3,0,70,7,25,Completed,Tablet,Night,Completed,100.0,3.5714285714285716,78.02655380729718,0.1111111111111111,70.0,1,Regular Learners
U182,Course,15,15,6,4,5,2,64,10,68,Not Completed,Laptop,Afternoon,Completed,100.0,6.8,88.12246151745794,0.25,32.0,1,Regular Learners
U183,Video,91,50,5,0,1,1,62,15,40,Completed,Mobile,Afternoon,Completed,54.94505494505495,2.6666666666666665,34.053556941710134,0.0,62.0,0,Passive Users
U184,Article,78,78,3,2,3,2,63,7,179,Not Completed,Laptop,Night,Completed,100.0,25.571428571428573,65.25819993856446,0.02531645569620253,31.5,2,Highly Engaged Learners
U185,Article,56,16,4,2,1,3,96,5,41,Completed,Laptop,Morning,Completed,28.57142857142857,8.2,26.86829877177671,0.11764705882352941,32.0,0,Passive Users
U186,Tutorial,34,34,5,3,5,4,77,5,171,Completed,Tablet,Morning,Completed,100.0,34.2,82.48063073825045,0.08571428571428572,19.25,2,Highly Engaged Learners
U187,Quiz,75,17,0,1,2,1,67,11,18,Not Completed,Mobile,Afternoon,Not Completed,22.666666666666664,1.6363636363636365,24.953752687805043,0.05555555555555555,67.0,0,Passive Users
U188,Video,19,19,4,2,5,1,60,13,148,Completed,Mobile,Afternoon,Completed,100.0,11.384615384615385,83.3714461244411,0.1,60.0,2,Highly Engaged Learners
U189,Video,65,65,5,2,2,3,93,5,19,Completed,Mobile,Morning,Completed,100.0,3.8,65.85207686269156,0.030303030303030304,31.0,1,Regular Learners
U190,Course,39,39,4,4,5,0,82,1,26,Not Completed,Mobile,Evening,Completed,100.0,26.0,82.777569200314,0.1,82.0,1,Regular Learners
U191,Article,118,93,3,4,3,4,57,8,77,Completed,Laptop,Night,Completed,78.8135593220339,9.625,61.72513552553711,0.0425531914893617,14.25,1,Regular Learners
U192,Quiz,14,14,0,5,4,1,75,12,57,Completed,Laptop,Night,Completed,100.0,4.75,91.38878460015701,0.3333333333333333,75.0,1,Regular Learners
U193,Tutorial,42,42,7,0,3,4,74,11,120,Completed,Tablet,Evening,Completed,100.0,10.909090909090908,66.14901532475511,0.0,18.5,2,Highly Engaged Learners
U194,Article,74,74,7,3,1,1,84,1,162,Not Completed,Laptop,Evening,Completed,100.0,162.0,56.05310761459435,0.04,84.0,2,Highly Engaged Learners
U195,Tutorial,27,27,3,0,3,4,94,4,132,Not Completed,Laptop,Evening,Completed,100.0,33.0,63.7735076282467,0.0,23.5,2,Highly Engaged Learners
U196,Course,105,47,6,5,0,2,48,15,158,Not Completed,Tablet,Evening,Not Completed,44.761904761904766,10.533333333333333,36.935926628407614,0.10416666666666667,24.0,0,Passive Users
U197,Course,120,80,0,4,1,1,92,9,110,Completed,Tablet,Evening,Completed,66.66666666666666,12.222222222222221,55.657189665176276,0.04938271604938271,92.0,2,Highly Engaged Learners
U198,Video,58,58,1,1,5,4,77,14,111,Completed,Tablet,Evening,Completed,100.0,7.928571428571429,86.04389228301307,0.01694915254237288,19.25,2,Highly Engaged Learners
U199,Quiz,20,20,5,4,1,0,97,9,74,Completed,Laptop,Night,Completed,100.0,8.222222222222221,72.9785999522168,0.19047619047619047,97.0,1,Regular Learners
U200,Tutorial,94,94,0,3,4,2,69,5,60,Completed,Laptop,Evening,Completed,100.0,12.0,74.166353800471,0.031578947368421054,34.5,1,Regular Learners
U201,Article,35,35,6,4,2,2,99,4,45,Not Completed,Tablet,Morning,Completed,100.0,11.25,73.57247687634391,0.1111111111111111,49.5,1,Regular Learners
U202,Course,72,9,6,3,5,0,83,3,90,Completed,Tablet,Evening,Not Completed,12.5,30.0,40.31536912522611,0.3,83.0,0,Passive Users
U203,Video,98,41,3,3,1,4,73,3,136,Completed,Tablet,Evening,Not Completed,41.83673469387755,45.333333333333336,27.528835350652773,0.07142857142857142,18.25,0,Passive Users
U204,Video,95,76,4,3,5,3,71,12,97,Completed,Laptop,Night,Completed,80.0,8.083333333333334,79.51124611761493,0.03896103896103896,23.666666666666668,2,Highly Engaged Learners
U205,Tutorial,68,68,0,5,5,0,42,5,113,Not Completed,Laptop,Night,Completed,100.0,22.6,79.21430765555138,0.07246376811594203,42.0,1,Regular Learners
U206,Course,36,36,5,3,5,4,42,10,24,Completed,Mobile,Evening,Completed,100.0,2.4,78.02655380729718,0.08108108108108109,10.5,1,Regular Learners
U207,Quiz,58,58,0,3,2,0,67,1,105,Completed,Laptop,Night,Completed,100.0,105.0,56.94392300078501,0.05084745762711865,67.0,1,Regular Learners
U208,Course,86,35,2,1,3,0,83,5,176,Completed,Laptop,Afternoon,Completed,40.69767441860465,35.2,37.08357377067398,0.027777777777777776,83.0,0,Passive Users
U209,Tutorial,42,13,4,0,5,1,54,6,132,Completed,Laptop,Night,Not Completed,30.952380952380953,22.0,33.34438523011512,0.0,54.0,0,Passive Users
U210,Tutorial,107,55,5,2,0,4,80,7,10,Completed,Tablet,Night,Completed,51.4018691588785,1.4285714285714286,29.40079930003033,0.03571428571428571,20.0,1,Regular Learners
U211,Course,114,33,7,0,4,3,62,12,160,Not Completed,Laptop,Night,Not Completed,28.947368421052634,13.333333333333334,35.9550622349245,0.0,20.666666666666668,0,Passive Users
U212,Tutorial,108,82,5,3,2,1,79,9,131,Completed,Tablet,Night,Completed,75.92592592592592,14.555555555555555,58.571585681725956,0.03614457831325301,79.0,2,Highly Engaged Learners
U213,Course,10,10,1,1,1,0,50,3,176,Completed,Mobile,Morning,Completed,100.0,58.666666666666664,41.20618451141677,0.09090909090909091,50.0,2,Highly Engaged Learners
U214,Article,30,30,3,4,2,0,87,15,135,Completed,Mobile,Morning,Completed,100.0,9.0,83.07450766237756,0.12903225806451613,87.0,2,Highly Engaged Learners
U215,Course,64,64,1,1,1,0,71,2,66,Completed,Tablet,Morning,Completed,100.0,33.0,46.25413836649715,0.015384615384615385,71.0,1,Regular Learners
U216,Course,15,15,5,3,2,4,97,14,90,Completed,Tablet,Evening,Completed,100.0,6.428571428571429,81.29287688999625,0.1875,24.25,2,Highly Engaged Learners
U217,Tutorial,101,27,4,1,1,4,98,3,171,Completed,Tablet,Evening,Not Completed,26.732673267326735,57.0,20.649810979254863,0.03571428571428571,24.5,0,Passive Users
U218,Tutorial,90,5,0,1,5,1,96,12,178,Completed,Laptop,Afternoon,Completed,5.555555555555555,14.833333333333334,44.43951443166434,0.16666666666666666,96.0,0,Passive Users
U219,Video,78,50,7,3,3,3,93,9,82,Completed,Mobile,Morning,Completed,64.1025641025641,9.11111111111111,63.05019598988676,0.058823529411764705,31.0,0,Passive Users
U220,Video,104,104,0,5,1,1,75,12,150,Completed,Tablet,Evening,Completed,100.0,12.5,73.57247687634391,0.047619047619047616,75.0,2,Highly Engaged Learners
U221,Article,14,14,4,1,1,2,99,7,79,Completed,Laptop,Night,Completed,100.0,11.285714285714286,60.50718454554763,0.06666666666666667,49.5,1,Regular Learners
U222,Video,111,94,5,2,0,0,72,9,15,Not Completed,Mobile,Night,Completed,84.68468468468468,1.6666666666666667,45.21351618863479,0.021052631578947368,72.0,1,Regular Learners
U223,Course,12,12,6,2,1,0,63,13,93,Not Completed,Laptop,Morning,Completed,100.0,7.153846153846154,60.50718454554763,0.15384615384615385,63.0,2,Highly Engaged Learners
U224,Tutorial,62,40,0,1,0,0,78,2,61,Not Completed,Mobile,Afternoon,Not Completed,64.51612903225806,30.5,25.535496642514506,0.024390243902439025,78.0,1,Regular Learners
U225,Video,32,32,6,5,4,1,73,5,12,Not Completed,Laptop,Afternoon,Completed,100.0,2.4,82.48063073825045,0.15151515151515152,73.0,1,Regular Learners
U226,Video,110,91,0,4,5,1,95,13,90,Completed,Mobile,Night,Completed,82.72727272727273,6.923076923076923,92.68451607097977,0.043478260869565216,95.0,2,Highly Engaged Learners
U227,Article,62,61,0,3,0,0,67,4,72,Not Completed,Mobile,Afternoon,Completed,98.38709677419355,18.0,47.86335325768027,0.04838709677419355,67.0,1,Regular Learners
U228,Article,46,5,7,2,3,1,76,15,58,Not Completed,Laptop,Morning,Not Completed,10.869565217391305,3.8666666666666667,36.274423967578656,0.3333333333333333,76.0,0,Passive Users
U229,Course,83,67,3,4,5,4,46,2,85,Completed,Tablet,Night,Completed,80.72289156626506,42.5,64.11695452412744,0.058823529411764705,11.5,1,Regular Learners
U230,Tutorial,83,58,3,1,0,4,43,9,121,Not Completed,Mobile,Evening,Not Completed,69.87951807228916,13.444444444444445,26.00508179686219,0.01694915254237288,10.75,2,Highly Engaged Learners
U231,Article,92,59,2,4,5,1,76,9,118,Not Completed,Tablet,Evening,Completed,64.13043478260869,13.11111111111111,73.45628356510163,0.06666666666666667,76.0,2,Highly Engaged Learners
U232,Video,26,26,1,0,5,0,95,6,74,Completed,Laptop,Afternoon,Completed,100.0,12.333333333333334,78.32349226936073,0.0,95.0,1,Regular Learners
U233,Tutorial,94,44,4,2,5,1,40,11,90,Completed,Tablet,Night,Completed,46.808510638297875,8.181818181818182,49.785810713167905,0.044444444444444446,40.0,0,Passive Users
U234,Tutorial,87,19,4,1,4,1,40,6,24,Completed,Tablet,Night,Not Completed,21.839080459770116,4.0,22.481995972558792,0.05,40.0,0,Passive Users
U235,Video,82,25,4,3,3,1,86,8,109,Not Completed,Tablet,Evening,Not Completed,30.48780487804878,13.625,43.813449056365016,0.11538461538461539,86.0,0,Passive Users
U236,Article,119,51,2,5,2,2,59,6,41,Not Completed,Tablet,Night,Not Completed,42.857142857142854,6.833333333333333,40.48504824640528,0.09615384615384616,29.5,1,Regular Learners
U237,Video,10,10,3,1,2,4,58,1,105,Completed,Tablet,Night,Completed,100.0,105.0,47.144953752687805,0.09090909090909091,14.5,1,Regular Learners
U238,Tutorial,60,57,5,3,0,3,68,4,137,Completed,Mobile,Night,Completed,95.0,34.25,46.5510768285607,0.05172413793103448,22.666666666666668,2,Highly Engaged Learners
U239,Quiz,54,13,6,5,5,3,49,13,155,Not Completed,Mobile,Afternoon,Not Completed,24.074074074074073,11.923076923076923,54.72238339571695,0.35714285714285715,16.333333333333332,0,Passive Users
U240,Quiz,86,78,7,5,0,2,99,7,122,Completed,Mobile,Night,Completed,90.69767441860465,17.428571428571427,64.40191228052072,0.06329113924050633,49.5,2,Highly Engaged Learners
U241,Course,13,13,6,1,4,1,57,13,92,Not Completed,Laptop,Morning,Completed,100.0,7.076923076923077,72.9785999522168,0.07142857142857142,57.0,2,Highly Engaged Learners
U242,Video,71,61,5,4,4,2,67,13,52,Completed,Tablet,Afternoon,Completed,85.91549295774648,4.0,79.94619823106014,0.06451612903225806,33.5,1,Regular Learners
U243,Video,74,30,7,4,1,2,74,2,125,Completed,Mobile,Night,Not Completed,40.54054054054054,62.5,29.585457671740485,0.12903225806451613,37.0,0,Passive Users
U244,Course,113,45,2,5,4,0,82,9,172,Not Completed,Laptop,Night,Completed,39.823008849557525,19.11111111111111,61.31391116372028,0.10869565217391304,82.0,0,Passive Users
U245,Course,41,39,5,4,1,4,86,8,87,Completed,Mobile,Morning,Completed,95.1219512195122,10.875,66.20695453686508,0.1,21.5,1,Regular Learners
U246,Course,43,43,4,0,3,3,70,8,67,Completed,Mobile,Afternoon,Completed,100.0,8.375,61.397999931738276,0.0,23.333333333333332,1,Regular Learners
U247,Tutorial,101,101,1,5,0,1,66,7,42,Completed,Tablet,Evening,Completed,100.0,6.0,59.022492235229876,0.049019607843137254,66.0,1,Regular Learners
U248,Video,104,29,0,5,3,3,50,4,23,Not Completed,Laptop,Evening,Not Completed,27.884615384615387,5.75,34.26239278316141,0.16666666666666666,16.666666666666668,0,Passive Users
U249,Tutorial,81,81,6,3,4,3,88,2,171,Completed,Tablet,Afternoon,Completed,100.0,85.5,76.24492303491587,0.036585365853658534,29.333333333333332,2,Highly Engaged Learners
U250,Course,48,48,3,4,3,4,88,3,141,Completed,Tablet,Night,Completed,100.0,47.0,75.05716918666167,0.08163265306122448,22.0,2,Highly Engaged Learners
U251,Video,35,35,3,5,3,3,77,12,68,Completed,Mobile,Night,Completed,100.0,5.666666666666667,86.04389228301307,0.1388888888888889,25.666666666666668,1,Regular Learners
U252,Tutorial,43,6,2,0,3,3,44,6,166,Completed,Tablet,Evening,Not Completed,13.953488372093023,27.666666666666668,10.421262095618784,0.0,14.666666666666666,0,Passive Users
U253,Tutorial,63,11,7,3,4,2,47,12,92,Completed,Laptop,Evening,Not Completed,17.46031746031746,7.666666666666667,36.73325434477693,0.25,23.5,0,Passive Users
U254,Course,12,12,3,1,5,4,73,12,143,Completed,Tablet,Evening,Completed,100.0,11.916666666666666,82.48063073825045,0.07692307692307693,18.25,2,Highly Engaged Learners
U255,Video,59,59,4,5,3,0,87,5,130,Not Completed,Tablet,Morning,Completed,100.0,26.0,80.69899996586915,0.08333333333333333,87.0,2,Highly Engaged Learners
U256,Course,21,21,6,0,1,1,91,12,177,Not Completed,Tablet,Evening,Completed,100.0,14.75,60.50718454554763,0.0,91.0,2,Highly Engaged Learners
U257,Video,74,74,5,2,4,3,95,8,92,Completed,Mobile,Morning,Completed,100.0,11.5,81.88675381412335,0.02666666666666667,31.666666666666668,2,Highly Engaged Learners
U258,Quiz,63,21,4,0,3,1,51,6,36,Not Completed,Laptop,Afternoon,Not Completed,33.33333333333333,6.0,21.707225502576875,0.0,51.0,0,Passive Users
U259,Article,117,47,2,0,5,0,77,6,89,Not Completed,Mobile,Night,Completed,40.17094017094017,14.833333333333334,44.553721532458006,0.0,77.0,0,Passive Users
U260,Article,14,14,4,3,4,1,40,1,143,Completed,Mobile,Evening,Completed,100.0,143.0,60.804123007611175,0.2,40.0,2,Highly Engaged Learners
U261,Article,103,103,5,1,2,0,70,4,22,Not Completed,Mobile,Night,Completed,100.0,5.5,54.27147684221304,0.009615384615384616,70.0,1,Regular Learners
U262,Course,103,55,1,2,5,2,43,5,73,Not Completed,Mobile,Night,Not Completed,53.398058252427184,14.6,46.68080722460789,0.03571428571428571,21.5,0,Passive Users
U263,Quiz,66,58,2,4,1,3,88,12,156,Not Completed,Mobile,Evening,Completed,87.87878787878788,13.0,68.11060880141736,0.06779661016949153,29.333333333333332,2,Highly Engaged Learners
U264,Video,26,26,1,4,3,0,84,11,89,Not Completed,Laptop,Evening,Completed,100.0,8.090909090909092,83.3714461244411,0.14814814814814814,84.0,1,Regular Learners
U265,Tutorial,56,29,0,0,2,1,89,3,132,Not Completed,Tablet,Afternoon,Completed,51.78571428571429,44.0,32.25561086921544,0.0,89.0,0,Passive Users
U266,Video,32,32,1,3,2,3,44,13,52,Not Completed,Mobile,Morning,Completed,100.0,4.0,64.36738455237379,0.09090909090909091,14.666666666666666,1,Regular Learners
U267,Tutorial,88,56,0,3,4,2,69,9,98,Not Completed,Mobile,Morning,Completed,63.63636363636363,10.88888888888889,61.64094958251754,0.05263157894736842,34.5,0,Passive Users
U268,Video,110,74,0,4,2,3,95,1,157,Not Completed,Laptop,Night,Completed,67.27272727272727,157.0,53.27268383345382,0.05333333333333334,31.666666666666668,2,Highly Engaged Learners
U269,Quiz,94,92,1,2,1,0,63,6,104,Completed,Laptop,Evening,Completed,97.87234042553192,17.333333333333332,51.18205326882844,0.021505376344086023,63.0,1,Regular Learners
U270,Tutorial,23,23,2,1,1,2,98,6,160,Completed,Tablet,Afternoon,Completed,100.0,26.666666666666668,59.022492235229876,0.041666666666666664,49.0,2,Highly Engaged Learners
U271,Course,75,53,7,2,0,1,42,10,11,Not Completed,Laptop,Afternoon,Not Completed,70.66666666666667,1.1,30.83313423666337,0.037037037037037035,42.0,1,Regular Learners
U272,Video,84,33,5,5,1,2,50,5,129,Not Completed,Tablet,Afternoon,Not Completed,39.285714285714285,25.8,28.989287786516364,0.14705882352941177,25.0,0,Passive Users
U273,Video,60,60,4,5,5,2,84,12,31,Completed,Mobile,Afternoon,Completed,100.0,2.5833333333333335,100.0,0.08196721311475409,42.0,1,Regular Learners
U274,Tutorial,112,111,4,1,2,4,43,15,124,Not Completed,Mobile,Afternoon,Completed,99.10714285714286,8.266666666666667,58.89523289434548,0.008928571428571428,10.75,2,Highly Engaged Learners
U275,Course,47,26,5,4,1,2,65,5,66,Not Completed,Tablet,Morning,Not Completed,55.319148936170215,13.2,37.49761265543156,0.14814814814814814,32.5,1,Regular Learners
U276,Course,73,30,6,1,4,2,66,10,81,Completed,Laptop,Morning,Completed,41.0958904109589,8.1,44.102351429077714,0.03225806451612903,33.0,0,Passive Users
U277,Quiz,107,32,6,3,0,3,85,14,16,Completed,Tablet,Morning,Completed,29.906542056074763,1.1428571428571428,32.55056709855493,0.09090909090909091,28.333333333333332,0,Passive Users
U278,Course,47,47,0,5,2,1,93,13,128,Completed,Laptop,Evening,Completed,100.0,9.846153846153847,86.04389228301307,0.10416666666666667,93.0,2,Highly Engaged Learners
U279,Course,59,59,0,0,0,3,82,5,123,Not Completed,Mobile,Night,Completed,100.0,24.6,43.58169220792518,0.0,27.333333333333332,2,Highly Engaged Learners
U280,Course,107,53,2,0,2,3,66,6,25,Not Completed,Laptop,Afternoon,Not Completed,49.532710280373834,4.166666666666667,27.918882115526262,0.0,22.0,0,Passive Users
U281,Article,91,75,3,4,4,0,81,8,92,Completed,Tablet,Evening,Completed,82.41758241758241,11.5,76.5027047767073,0.05263157894736842,81.0,1,Regular Learners
U282,Quiz,39,39,1,3,0,3,90,2,81,Completed,Tablet,Afternoon,Completed,100.0,40.5,53.08372299395884,0.075,30.0,1,Regular Learners
U283,Video,88,88,0,2,3,4,89,6,133,Not Completed,Mobile,Morning,Completed,100.0,22.166666666666668,71.7908461039626,0.02247191011235955,22.25,2,Highly Engaged Learners
U284,Tutorial,100,100,4,3,5,4,45,1,122,Completed,Laptop,Evening,Completed,100.0,122.0,68.22758455919997,0.0297029702970297,11.25,1,Regular Learners
U285,Video,60,53,2,0,5,0,98,4,21,Not Completed,Laptop,Morning,Completed,88.33333333333333,5.25,71.29594866719002,0.0,98.0,1,Regular Learners
U286,Quiz,72,24,1,0,2,1,100,14,135,Not Completed,Laptop,Afternoon,Completed,33.33333333333333,9.642857142857142,39.82047168845352,0.0,100.0,0,Passive Users
U287,Tutorial,107,90,2,5,3,1,54,10,62,Completed,Mobile,Afternoon,Completed,84.11214953271028,6.2,69.29045774583867,0.054945054945054944,54.0,1,Regular Learners
U288,Quiz,61,61,1,3,0,3,92,3,84,Completed,Laptop,Night,Completed,100.0,28.0,54.86535376634014,0.04838709677419355,30.666666666666668,1,Regular Learners
U289,Course,47,47,1,3,3,3,69,9,142,Not Completed,Tablet,Afternoon,Completed,100.0,15.777777777777779,72.9785999522168,0.0625,23.0,2,Highly Engaged Learners
U290,Tutorial,106,65,5,0,3,3,81,3,36,Completed,Laptop,Morning,Completed,61.32075471698113,12.0,40.3489848001767,0.0,27.0,1,Regular Learners
U291,Course,97,97,0,2,0,1,76,15,149,Completed,Mobile,Afternoon,Completed,100.0,9.933333333333334,60.804123007611175,0.02040816326530612,76.0,2,Highly Engaged Learners
U292,Video,88,53,7,4,4,2,97,6,154,Completed,Laptop,Night,Completed,60.22727272727273,25.666666666666668,68.33556218176854,0.07407407407407407,48.5,2,Highly Engaged Learners
U293,Video,39,39,2,4,3,4,100,1,143,Completed,Laptop,Night,Completed,100.0,143.0,76.24492303491587,0.1,25.0,2,Highly Engaged Learners
U294,Tutorial,115,5,7,3,3,2,76,12,106,Not Completed,Tablet,Morning,Not Completed,4.3478260869565215,8.833333333333334,33.17593566778507,0.5,38.0,0,Passive Users
U295,Tutorial,60,60,2,4,4,2,81,6,14,Not Completed,Laptop,Evening,Completed,100.0,2.3333333333333335,82.48063073825045,0.06557377049180328,40.5,1,Regular Learners
U296,Quiz,90,17,5,0,3,1,99,4,66,Not Completed,Tablet,Afternoon,Not Completed,18.88888888888889,16.5,26.722186195205754,0.0,99.0,0,Passive Users
U297,Quiz,14,14,4,0,3,2,76,8,165,Not Completed,Tablet,Night,Completed,100.0,20.625,63.179630704119596,0.0,38.0,2,Highly Engaged Learners
U298,Course,38,38,7,3,3,0,74,13,87,Completed,Mobile,Afternoon,Completed,100.0,6.6923076923076925,79.21430765555138,0.07692307692307693,74.0,1,Regular Learners
U299,Tutorial,13,13,4,3,5,3,62,11,78,Completed,Tablet,Afternoon,Completed,100.0,7.090909090909091,85.15307689682243,0.21428571428571427,20.666666666666668,1,Regular Learners
U300,Video,19,19,6,5,1,0,45,9,127,Not Completed,Tablet,Evening,Completed,100.0,14.11111111111111,61.10106146967473,0.25,45.0,1,Regular Learners
U301,Quiz,65,65,0,3,4,4,43,4,129,Not Completed,Mobile,Night,Completed,100.0,32.25,65.25819993856446,0.045454545454545456,10.75,1,Regular Learners
U302,Quiz,26,26,0,2,3,3,57,10,68,Completed,Tablet,Afternoon,Completed,100.0,6.8,67.03983071094576,0.07407407407407407,19.0,1,Regular Learners
U303,Video,83,36,3,4,5,2,99,12,42,Not Completed,Mobile,Night,Completed,43.373493975903614,3.5,73.98747520886646,0.10810810810810811,49.5,0,Passive Users
U304,Quiz,26,26,5,3,4,4,48,10,71,Not Completed,Laptop,Morning,Completed,100.0,7.1,73.86941533840745,0.1111111111111111,12.0,1,Regular Learners
U305,Course,93,33,4,1,2,3,88,6,59,Completed,Mobile,Morning,Completed,35.483870967741936,9.833333333333334,31.34016464285361,0.029411764705882353,29.333333333333332,0,Passive Users
U306,Tutorial,97,53,1,5,2,2,68,1,121,Not Completed,Tablet,Afternoon,Not Completed,54.63917525773196,121.0,42.816386893328406,0.09259259259259259,34.0,0,Passive Users
U307,Video,78,49,2,1,3,0,52,4,28,Completed,Mobile,Night,Completed,62.82051282051282,7.0,37.20132217691861,0.02,52.0,1,Regular Learners
U308,Tutorial,43,43,0,0,5,3,98,7,132,Completed,Tablet,Afternoon,Completed,100.0,18.857142857142858,80.40206150380558,0.0,32.666666666666664,2,Highly Engaged Learners
U309,Quiz,15,15,7,4,5,2,86,12,56,Not Completed,Laptop,Night,Completed,100.0,4.666666666666667,97.03061537936448,0.25,43.0,1,Regular Learners
U310,Quiz,62,20,2,3,4,0,91,15,176,Completed,Mobile,Night,Completed,32.25806451612903,11.733333333333333,60.39224062474884,0.14285714285714285,91.0,0,Passive Users
U311,Video,75,44,2,1,4,4,56,1,42,Not Completed,Laptop,Evening,Not Completed,58.666666666666664,42.0,38.79108501996655,0.022222222222222223,14.0,1,Regular Learners
U312,Course,86,23,3,4,5,4,84,8,150,Completed,Tablet,Evening,Completed,26.744186046511626,18.75,56.88177309012053,0.16666666666666666,21.0,0,Passive Users
U313,Article,116,22,4,0,4,4,71,12,93,Not Completed,Tablet,Evening,Not Completed,18.96551724137931,7.75,33.88511553295334,0.0,17.75,0,Passive Users
U314,Video,52,5,0,2,5,4,87,10,144,Not Completed,Laptop,Afternoon,Not Completed,9.615384615384617,14.4,44.88365315697306,0.3333333333333333,21.75,0,Passive Users
U315,Article,84,82,2,5,1,1,61,12,88,Not Completed,Mobile,Evening,Completed,97.61904761904762,7.333333333333333,68.28414426625969,0.060240963855421686,61.0,1,Regular Learners
U316,Article,120,119,0,4,5,3,43,11,23,Completed,Mobile,Evening,Completed,99.16666666666667,2.090909090909091,82.67858971295949,0.03333333333333333,14.333333333333334,1,Regular Learners
U317,Course,32,32,1,4,2,3,44,6,156,Completed,Tablet,Morning,Completed,100.0,26.0,59.61636915935698,0.12121212121212122,14.666666666666666,2,Highly Engaged Learners
U318,Article,64,64,3,2,4,1,76,5,137,Not Completed,Laptop,Night,Completed,100.0,27.4,72.68166149015325,0.03076923076923077,76.0,2,Highly Engaged Learners
U319,Article,89,70,1,4,5,2,80,10,63,Completed,Laptop,Night,Completed,78.65168539325843,6.3,82.73085977931525,0.056338028169014086,40.0,1,Regular Learners
U320,Course,104,96,0,0,5,2,88,11,157,Not Completed,Mobile,Evening,Completed,92.3076923076923,14.272727272727273,78.52906505078934,0.0,44.0,2,Highly Engaged Learners
U321,Article,84,84,6,0,4,4,52,15,38,Not Completed,Mobile,Night,Completed,100.0,2.533333333333333,70.30615379364484,0.0,13.0,1,Regular Learners
U322,Article,25,25,7,2,1,0,73,14,33,Completed,Mobile,Morning,Completed,100.0,2.357142857142857,64.66432301443736,0.07692307692307693,73.0,1,Regular Learners
U323,Article,17,17,0,5,1,2,84,9,91,Not Completed,Laptop,Morning,Completed,100.0,10.11111111111111,72.68166149015325,0.2777777777777778,42.0,1,Regular Learners
U324,Video,13,13,4,3,4,0,61,2,72,Completed,Mobile,Evening,Completed,100.0,36.0,68.22758455919997,0.21428571428571427,61.0,1,Regular Learners
U325,Video,113,55,2,1,0,3,92,5,114,Not Completed,Mobile,Morning,Not Completed,48.67256637168141,22.8,25.728595648104214,0.017857142857142856,30.666666666666668,0,Passive Users
U326,Video,13,13,2,3,4,0,98,6,66,Completed,Tablet,Night,Completed,100.0,11.0,83.96532304856821,0.21428571428571427,98.0,1,Regular Learners
U327,Course,65,8,1,4,4,3,62,7,145,Not Completed,Mobile,Afternoon,Not Completed,12.307692307692308,20.714285714285715,36.363803437765,0.4444444444444444,20.666666666666668,0,Passive Users
U328,Quiz,34,5,7,1,1,1,90,5,71,Not Completed,Mobile,Night,Not Completed,14.705882352941178,14.2,14.935864102970791,0.16666666666666666,90.0,0,Passive Users
U329,Article,76,12,3,2,1,1,42,9,166,Completed,Laptop,Afternoon,Not Completed,15.789473684210526,18.444444444444443,9.511910771159787,0.15384615384615385,42.0,0,Passive Users
U330,Article,105,33,6,2,4,4,81,1,26,Not Completed,Laptop,Evening,Not Completed,31.428571428571427,26.0,36.83694714105308,0.058823529411764705,20.25,0,Passive Users
U331,Course,76,59,5,5,4,2,73,7,75,Not Completed,Tablet,Afternoon,Completed,77.63157894736842,10.714285714285714,74.22886716090544,0.08333333333333333,36.5,1,Regular Learners
U332,Article,36,36,7,1,4,4,71,10,15,Completed,Mobile,Morning,Completed,100.0,1.5,73.57247687634391,0.02702702702702703,17.75,1,Regular Learners
U333,Video,102,7,2,0,1,3,84,7,67,Not Completed,Tablet,Night,Not Completed,6.862745098039216,9.571428571428571,8.240192899576984,0.0,28.0,0,Passive Users
U334,Quiz,41,36,4,1,4,4,90,4,78,Completed,Laptop,Afternoon,Completed,87.8048780487805,19.5,66.29386335503001,0.02702702702702703,22.5,1,Regular Learners
U335,Tutorial,59,14,7,4,4,0,97,9,165,Not Completed,Tablet,Night,Not Completed,23.728813559322035,18.333333333333332,54.558349593698175,0.26666666666666666,97.0,0,Passive Users
U336,Article,70,70,1,0,3,3,88,14,71,Completed,Laptop,Evening,Completed,100.0,5.071428571428571,73.86941533840745,0.0,29.333333333333332,2,Highly Engaged Learners
U337,Video,60,60,1,2,0,1,60,12,178,Not Completed,Tablet,Evening,Completed,100.0,14.833333333333334,52.489846069831735,0.03278688524590164,60.0,2,Highly Engaged Learners
U338,Tutorial,28,28,5,1,2,2,85,11,91,Not Completed,Tablet,Morning,Completed,100.0,8.272727272727273,67.03983071094576,0.034482758620689655,42.5,2,Highly Engaged Learners
U339,Quiz,30,30,4,3,0,3,83,5,178,Not Completed,Mobile,Evening,Completed,100.0,35.6,54.5684153042766,0.0967741935483871,27.666666666666668,2,Highly Engaged Learners
U340,Tutorial,14,14,3,5,3,3,60,4,80,Completed,Tablet,Afternoon,Completed,100.0,20.0,71.49390764189903,0.3333333333333333,20.0,1,Regular Learners
U341,Video,91,91,7,3,2,0,83,13,140,Completed,Mobile,Evening,Completed,100.0,10.76923076923077,75.9479845728523,0.03260869565217391,83.0,2,Highly Engaged Learners
U342,Tutorial,101,59,4,5,4,2,50,7,19,Completed,Mobile,Morning,Completed,58.415841584158414,2.7142857142857144,58.26985613336581,0.08333333333333333,25.0,1,Regular Learners
U343,Course,51,51,3,4,3,1,78,4,107,Completed,Mobile,Night,Completed,100.0,26.75,73.27553841428035,0.07692307692307693,78.0,1,Regular Learners
U344,Tutorial,70,36,4,3,4,3,43,15,98,Not Completed,Mobile,Night,Completed,51.42857142857142,6.533333333333333,55.247131788993286,0.08108108108108109,14.333333333333334,0,Passive Users
U345,Article,31,31,4,1,1,3,90,3,44,Not Completed,Tablet,Evening,Completed,100.0,14.666666666666666,53.08372299395884,0.03125,30.0,1,Regular Learners
U346,Article,30,11,0,1,5,0,40,9,11,Completed,Laptop,Afternoon,Completed,36.666666666666664,1.2222222222222223,39.0286357896174,0.08333333333333333,40.0,0,Passive Users
U347,Course,79,79,1,3,3,4,67,11,133,Completed,Laptop,Morning,Completed,100.0,12.090909090909092,74.7602307245981,0.0375,16.75,2,Highly Engaged Learners
U348,Video,10,10,7,1,1,1,63,8,33,Completed,Laptop,Afternoon,Completed,100.0,4.125,51.00515375951397,0.09090909090909091,63.0,1,Regular Learners
U349,Article,14,14,4,4,3,2,100,1,83,Not Completed,Tablet,Morning,Completed,100.0,83.0,76.24492303491587,0.26666666666666666,50.0,1,Regular Learners
U350,Quiz,114,61,7,0,3,3,74,7,175,Completed,Mobile,Evening,Completed,53.50877192982456,25.0,39.30994591157233,0.0,24.666666666666668,2,Highly Engaged Learners
U351,Article,21,21,5,4,1,3,52,9,31,Completed,Laptop,Morning,Completed,100.0,3.4444444444444446,59.61636915935698,0.18181818181818182,17.333333333333332,1,Regular Learners
U352,Article,99,92,4,5,2,1,86,8,163,Not Completed,Tablet,Morning,Completed,92.92929292929293,20.375,74.66724999405297,0.053763440860215055,86.0,2,Highly Engaged Learners
U353,Video,55,55,2,4,0,4,73,8,180,Not Completed,Mobile,Evening,Completed,100.0,22.5,58.72555377316632,0.07142857142857142,18.25,2,Highly Engaged Learners
U354,Tutorial,43,43,1,5,4,3,50,13,48,Completed,Laptop,Afternoon,Completed,100.0,3.6923076923076925,85.15307689682243,0.11363636363636363,16.666666666666668,1,Regular Learners
U355,Article,58,58,2,1,3,1,75,6,166,Not Completed,Mobile,Evening,Completed,100.0,27.666666666666668,64.07044609031026,0.01694915254237288,75.0,2,Highly Engaged Learners
U356,Course,87,58,7,0,4,0,90,11,29,Completed,Laptop,Morning,Completed,66.66666666666666,2.6363636363636362,61.0020819823202,0.0,90.0,0,Passive Users
U357,Tutorial,99,99,7,1,5,4,100,4,50,Not Completed,Laptop,Evening,Completed,100.0,12.5,80.99593842793269,0.01,25.0,1,Regular Learners
U358,Quiz,54,54,1,2,1,2,56,8,157,Completed,Laptop,Morning,Completed,100.0,19.625,52.489846069831735,0.03636363636363636,28.0,2,Highly Engaged Learners
U359,Video,36,36,7,1,4,3,74,3,117,Completed,Mobile,Evening,Completed,100.0,39.0,66.14901532475511,0.02702702702702703,24.666666666666668,2,Highly Engaged Learners
U360,Quiz,82,55,2,5,1,1,99,13,156,Completed,Tablet,Night,Completed,67.07317073170732,12.0,66.24316654443379,0.08928571428571429,99.0,2,Highly Engaged Learners
U361,Tutorial,35,35,4,1,4,0,57,9,93,Completed,Mobile,Night,Completed,100.0,10.333333333333334,68.22758455919997,0.027777777777777776,57.0,1,Regular Learners
U362,Tutorial,56,56,4,1,0,2,79,13,120,Not Completed,Laptop,Evening,Completed,100.0,9.23076923076923,55.7561691525308,0.017543859649122806,39.5,2,Highly Engaged Learners
U363,Tutorial,95,95,0,0,0,1,61,2,75,Not Completed,Mobile,Afternoon,Completed,100.0,37.5,33.78272295982798,0.0,61.0,1,Regular Learners
U364,Quiz,120,12,5,1,0,1,96,2,167,Not Completed,Tablet,Morning,Not Completed,10.0,83.5,4.97969213966347,0.07692307692307693,96.0,0,Passive Users
U365,Tutorial,65,38,7,0,0,2,63,12,62,Not Completed,Mobile,Night,Not Completed,58.46153846153847,5.166666666666667,26.519151349350334,0.0,31.5,0,Passive Users
U366,Quiz,103,39,2,3,0,0,97,13,43,Completed,Tablet,Afternoon,Completed,37.86407766990291,3.3076923076923075,38.706712214241044,0.075,97.0,0,Passive Users
U367,Tutorial,116,100,7,2,0,0,58,15,159,Completed,Tablet,Morning,Completed,86.20689655172413,10.6,48.906106010444034,0.019801980198019802,58.0,2,Highly Engaged Learners
U368,Course,72,72,7,0,1,4,76,12,76,Not Completed,Mobile,Night,Completed,100.0,6.333333333333333,56.05310761459435,0.0,19.0,2,Highly Engaged Learners
U369,Tutorial,57,57,3,5,3,3,78,7,143,Not Completed,Laptop,Night,Completed,100.0,20.428571428571427,80.40206150380558,0.08620689655172414,26.0,2,Highly Engaged Learners
U370,Quiz,70,36,0,3,4,2,60,12,36,Not Completed,Tablet,Evening,Completed,51.42857142857142,3.0,56.731824099311034,0.08108108108108109,30.0,0,Passive Users
U371,Article,90,50,2,0,0,2,47,10,19,Not Completed,Mobile,Morning,Not Completed,55.55555555555556,1.9,18.011991308008245,0.0,23.5,0,Passive Users
U372,Tutorial,35,35,2,0,1,2,67,4,82,Not Completed,Tablet,Afternoon,Completed,100.0,20.5,43.87863066998873,0.0,33.5,1,Regular Learners
U373,Article,45,20,7,2,1,0,44,10,105,Completed,Laptop,Afternoon,Not Completed,44.44444444444444,10.5,24.90756226037294,0.09523809523809523,44.0,0,Passive Users
U374,Course,10,10,0,5,1,3,56,8,57,Completed,Mobile,Afternoon,Completed,100.0,7.125,63.179630704119596,0.45454545454545453,18.666666666666668,1,Regular Learners
U375,Video,17,17,4,4,3,4,76,9,79,Completed,Mobile,Morning,Completed,100.0,8.777777777777779,78.62043073142428,0.2222222222222222,19.0,1,Regular Learners
U376,Course,108,41,2,4,4,1,75,7,109,Not Completed,Mobile,Afternoon,Not Completed,37.96296296296296,15.571428571428571,52.41286202411156,0.09523809523809523,75.0,0,Passive Users
U377,Tutorial,61,58,4,0,3,1,93,5,68,Not Completed,Laptop,Afternoon,Completed,95.08196721311475,13.6,62.327758067052045,0.0,93.0,1,Regular Learners
U378,Article,88,88,0,1,2,2,58,8,11,Not Completed,Tablet,Afternoon,Completed,100.0,1.375,55.45923069046725,0.011235955056179775,29.0,1,Regular Learners
U379,Article,56,18,4,5,1,3,66,4,166,Not Completed,Mobile,Evening,Not Completed,32.142857142857146,41.5,29.15896690769554,0.2631578947368421,22.0,0,Passive Users
U380,Quiz,65,65,1,3,2,0,92,2,74,Completed,Tablet,Evening,Completed,100.0,37.0,65.55513840062801,0.045454545454545456,92.0,1,Regular Learners
U381,Article,95,59,3,1,5,3,73,11,92,Completed,Tablet,Morning,Completed,62.10526315789474,8.363636363636363,63.28902908487984,0.016666666666666666,24.333333333333332,0,Passive Users
U382,Quiz,23,23,6,1,0,3,50,15,163,Not Completed,Laptop,Morning,Completed,100.0,10.866666666666667,49.52046144919622,0.041666666666666664,16.666666666666668,2,Highly Engaged Learners
U383,Video,99,86,2,5,0,0,93,12,19,Completed,Mobile,Afternoon,Completed,86.86868686868688,1.5833333333333333,66.73989287047753,0.05747126436781609,93.0,1,Regular Learners
U384,Tutorial,37,11,5,0,3,2,84,6,62,Completed,Tablet,Evening,Completed,29.72972972972973,10.333333333333334,29.794117131568925,0.0,42.0,0,Passive Users
U385,Quiz,96,78,3,0,4,3,86,9,88,Not Completed,Mobile,Night,Completed,81.25,9.777777777777779,64.36738455237379,0.0,28.666666666666668,2,Highly Engaged Learners
U386,Video,87,11,6,0,2,1,51,1,68,Not Completed,Mobile,Night,Not Completed,12.643678160919542,68.0,0.0,0.0,51.0,0,Passive Users
U387,Article,97,37,4,0,4,0,93,11,159,Not Completed,Laptop,Afternoon,Completed,38.144329896907216,14.454545454545455,48.34189126471718,0.0,93.0,0,Passive Users
U388,Article,11,11,2,4,3,4,60,10,57,Not Completed,Mobile,Afternoon,Completed,100.0,5.7,75.05716918666167,0.3333333333333333,15.0,1,Regular Learners
U389,Video,118,89,4,0,0,2,93,12,158,Not Completed,Mobile,Evening,Completed,75.42372881355932,13.166666666666666,43.48606795743014,0.0,46.5,2,Highly Engaged Learners
U390,Article,35,23,1,4,4,0,50,7,132,Not Completed,Tablet,Evening,Completed,65.71428571428571,18.857142857142858,58.174096629333995,0.16666666666666666,50.0,2,Highly Engaged Learners
U391,Video,23,23,0,4,4,4,78,10,31,Completed,Laptop,Evening,Completed,100.0,3.1,86.34083074507663,0.16666666666666666,19.5,1,Regular Learners
U392,Quiz,68,23,2,0,0,4,67,9,109,Completed,Mobile,Morning,Completed,33.82352941176471,12.11111111111111,12.438087627965624,0.0,16.75,0,Passive Users
U393,Quiz,65,40,6,2,2,3,44,10,107,Not Completed,Tablet,Morning,Not Completed,61.53846153846154,10.7,38.96772533586076,0.04878048780487805,14.666666666666666,0,Passive Users
U394,Video,16,16,6,3,0,3,56,9,167,Completed,Laptop,Afternoon,Completed,100.0,18.555555555555557,51.302092221577524,0.17647058823529413,18.666666666666668,2,Highly Engaged Learners
U395,Quiz,12,12,1,1,4,3,95,10,34,Not Completed,Laptop,Morning,Completed,100.0,3.4,80.69899996586915,0.07692307692307693,31.666666666666668,1,Regular Learners
U396,Quiz,120,86,1,4,2,0,59,11,37,Not Completed,Tablet,Evening,Completed,71.66666666666667,3.3636363636363638,56.54800505136694,0.04597701149425287,59.0,1,Regular Learners
U397,Quiz,32,6,7,5,2,0,80,13,122,Not Completed,Tablet,Evening,Not Completed,18.75,9.384615384615385,43.58169220792518,0.7142857142857143,80.0,0,Passive Users
U398,Course,119,5,2,5,0,2,85,3,54,Not Completed,Tablet,Morning,Not Completed,4.201680672268908,18.0,14.39937864630135,0.8333333333333334,42.5,0,Passive Users
U399,Tutorial,116,51,4,3,4,3,97,11,77,Completed,Tablet,Night,Completed,43.96551724137931,7.0,62.985084815181416,0.057692307692307696,32.333333333333336,0,Passive Users
U400,Article,120,73,5,5,3,4,51,13,16,Not Completed,Tablet,Afternoon,Completed,60.83333333333333,1.2307692307692308,60.90310249496569,0.06756756756756757,12.75,1,Regular Learners
U401,Course,118,24,6,2,4,1,45,5,58,Completed,Mobile,Night,Not Completed,20.33898305084746,11.6,25.629497391303342,0.08,45.0,0,Passive Users
U402,Quiz,27,15,6,5,1,2,56,8,146,Not Completed,Mobile,Afternoon,Not Completed,55.55555555555556,18.25,42.06400673515593,0.3125,28.0,0,Passive Users
U403,Video,47,47,1,1,5,0,90,8,173,Not Completed,Laptop,Night,Completed,100.0,21.625,82.777569200314,0.020833333333333332,90.0,2,Highly Engaged Learners
U404,Quiz,108,6,3,1,3,2,58,4,92,Not Completed,Mobile,Morning,Not Completed,5.555555555555555,23.0,11.776283604673651,0.14285714285714285,29.0,0,Passive Users
U405,Tutorial,24,24,1,4,2,2,65,15,138,Completed,Mobile,Afternoon,Completed,100.0,9.2,76.54186149697941,0.16,32.5,2,Highly Engaged Learners
U406,Quiz,73,73,5,0,3,2,87,15,147,Not Completed,Mobile,Afternoon,Completed,100.0,9.8,74.7602307245981,0.0,43.5,2,Highly Engaged Learners
U407,Video,98,16,4,2,2,2,83,12,173,Not Completed,Tablet,Afternoon,Not Completed,16.3265306122449,14.416666666666666,31.44357507500082,0.11764705882352941,41.5,0,Passive Users
U408,Tutorial,110,24,4,4,2,1,83,11,82,Not Completed,Laptop,Evening,Not Completed,21.818181818181817,7.454545454545454,39.99143625752043,0.16,83.0,0,Passive Users
U409,Quiz,37,9,3,2,3,3,91,11,55,Completed,Laptop,Evening,Completed,24.324324324324326,5.0,42.369862268152325,0.2,30.333333333333332,0,Passive Users
U410,Tutorial,83,41,6,0,2,4,71,1,115,Completed,Laptop,Night,Not Completed,49.39759036144578,115.0,23.40060950309995,0.0,17.75,0,Passive Users
U411,Article,48,42,1,5,2,2,45,1,169,Completed,Laptop,Morning,Completed,87.5,169.0,51.599030683641075,0.11627906976744186,22.5,2,Highly Engaged Learners
U412,Article,66,66,7,5,1,2,94,15,41,Not Completed,Mobile,Evening,Completed,100.0,2.7333333333333334,82.777569200314,0.07462686567164178,47.0,1,Regular Learners
U413,Quiz,26,13,4,0,4,2,97,4,15,Completed,Mobile,Afternoon,Completed,50.0,3.75,46.848015290624254,0.0,48.5,0,Passive Users
U414,Tutorial,112,102,5,4,4,3,75,6,175,Not Completed,Tablet,Evening,Completed,91.07142857142857,29.166666666666668,76.45702193638984,0.038834951456310676,25.0,2,Highly Engaged Learners
U415,Video,95,57,2,0,5,0,77,8,154,Completed,Laptop,Morning,Completed,60.0,19.25,56.350046076657904,0.0,77.0,2,Highly Engaged Learners
U416,Quiz,99,48,0,3,5,0,50,6,83,Completed,Mobile,Evening,Completed,48.484848484848484,13.833333333333334,51.17611832858087,0.061224489795918366,50.0,0,Passive Users
U417,Article,53,53,0,1,1,1,72,12,123,Not Completed,Mobile,Afternoon,Completed,100.0,10.25,58.428615311102774,0.018518518518518517,72.0,2,Highly Engaged Learners
U418,Article,34,34,0,4,5,0,63,9,36,Completed,Tablet,Night,Completed,100.0,4.0,86.63776920714017,0.11428571428571428,63.0,1,Regular Learners
U419,Quiz,26,26,7,2,3,2,62,15,63,Not Completed,Tablet,Afternoon,Completed,100.0,4.2,74.46329226253455,0.07407407407407407,31.0,1,Regular Learners
U420,Tutorial,22,22,6,3,0,2,54,15,172,Not Completed,Tablet,Morning,Completed,100.0,11.466666666666667,57.83473838697566,0.13043478260869565,27.0,2,Highly Engaged Learners
U421,Article,93,28,1,4,0,2,66,9,94,Completed,Mobile,Night,Not Completed,30.107526881720432,10.444444444444445,24.62871682287957,0.13793103448275862,33.0,0,Passive Users
U422,Tutorial,34,34,3,0,0,1,50,14,136,Not Completed,Mobile,Evening,Completed,100.0,9.714285714285714,44.76944605617939,0.0,50.0,2,Highly Engaged Learners
U423,Article,77,77,7,0,1,2,96,2,162,Not Completed,Tablet,Evening,Completed,100.0,81.0,50.11433837332332,0.0,48.0,2,Highly Engaged Learners
U424,Article,19,19,7,0,1,0,90,10,165,Completed,Laptop,Evening,Completed,100.0,16.5,57.83473838697566,0.0,90.0,2,Highly Engaged Learners
U425,Course,76,63,4,0,2,3,89,1,120,Completed,Tablet,Night,Completed,82.89473684210526,120.0,44.66004767541914,0.0,29.666666666666668,2,Highly Engaged Learners
U426,Article,114,114,2,2,0,3,56,2,24,Not Completed,Tablet,Afternoon,Completed,100.0,12.0,39.42455373903546,0.017391304347826087,18.666666666666668,1,Regular Learners
U427,Video,118,91,7,3,3,4,90,5,141,Completed,Tablet,Night,Completed,77.11864406779661,28.2,63.59232483783504,0.03260869565217391,22.5,2,Highly Engaged Learners
U428,Quiz,27,27,5,5,5,0,92,4,102,Not Completed,Tablet,Night,Completed,100.0,25.5,92.87347691047476,0.17857142857142858,92.0,1,Regular Learners
U429,Quiz,120,85,2,1,3,2,53,4,132,Not Completed,Mobile,Morning,Not Completed,70.83333333333334,33.0,41.3051639987713,0.011627906976744186,26.5,2,Highly Engaged Learners
U430,Tutorial,109,109,5,2,5,3,66,9,82,Completed,Laptop,Night,Completed,100.0,9.11111111111111,80.40206150380558,0.01818181818181818,22.0,1,Regular Learners
U431,Article,120,119,6,2,0,0,57,11,164,Completed,Tablet,Evening,Completed,99.16666666666667,14.909090909090908,50.01535888596881,0.016666666666666666,57.0,2,Highly Engaged Learners
U432,Video,95,85,1,5,0,3,67,8,163,Completed,Laptop,Afternoon,Completed,89.47368421052632,20.375,55.50611571079307,0.05813953488372093,22.333333333333332,2,Highly Engaged Learners
U433,Tutorial,43,18,0,5,0,2,90,6,156,Completed,Laptop,Afternoon,Completed,41.86046511627907,26.0,37.33907895896122,0.2631578947368421,45.0,0,Passive Users
U434,Course,120,13,7,1,1,3,86,1,101,Not Completed,Laptop,Afternoon,Not Completed,10.833333333333334,101.0,7.157240861462852,0.07142857142857142,28.666666666666668,0,Passive Users
U435,Tutorial,17,17,1,1,5,4,86,2,26,Not Completed,Tablet,Evening,Completed,100.0,13.0,74.46329226253455,0.05555555555555555,21.5,1,Regular Learners
U436,Tutorial,49,49,6,5,1,4,43,6,52,Completed,Mobile,Evening,Completed,100.0,8.666666666666666,56.94392300078501,0.1,10.75,1,Regular Learners
U437,Article,117,113,3,0,1,3,46,11,130,Completed,Tablet,Evening,Completed,96.58119658119658,11.818181818181818,44.33292113759024,0.0,15.333333333333334,2,Highly Engaged Learners
U438,Course,92,29,3,2,4,0,84,2,50,Not Completed,Laptop,Evening,Not Completed,31.521739130434785,25.0,38.95978049406643,0.06666666666666667,84.0,0,Passive Users
U439,Tutorial,51,51,6,4,3,0,74,15,179,Not Completed,Laptop,Evening,Completed,100.0,11.933333333333334,85.15307689682243,0.07692307692307693,74.0,2,Highly Engaged Learners
U440,Video,50,50,5,1,3,0,87,13,177,Not Completed,Mobile,Night,Completed,100.0,13.615384615384615,75.9479845728523,0.0196078431372549,87.0,2,Highly Engaged Learners
U441,Video,110,26,4,1,2,3,48,10,48,Not Completed,Tablet,Evening,Not Completed,23.636363636363637,4.8,18.584872583302563,0.037037037037037035,16.0,0,Passive Users
U442,Quiz,15,15,4,5,1,0,47,5,122,Completed,Laptop,Evening,Completed,100.0,24.4,56.94392300078501,0.3125,47.0,1,Regular Learners
U443,Course,61,61,5,3,5,2,91,14,160,Not Completed,Mobile,Evening,Completed,100.0,11.428571428571429,97.32755384142804,0.04838709677419355,45.5,2,Highly Engaged Learners
U444,Course,35,8,3,4,4,4,84,5,120,Not Completed,Laptop,Evening,Not Completed,22.857142857142858,24.0,45.53300210148566,0.4444444444444444,21.0,0,Passive Users
U445,Quiz,73,30,3,4,4,2,56,6,56,Completed,Mobile,Afternoon,Completed,41.0958904109589,9.333333333333334,47.07173604971323,0.12903225806451613,28.0,0,Passive Users
U446,Tutorial,107,62,7,1,3,0,56,6,72,Not Completed,Mobile,Evening,Not Completed,57.943925233644855,12.0,38.447709452620785,0.015873015873015872,56.0,0,Passive Users
U447,Course,68,33,3,0,1,2,88,14,119,Not Completed,Tablet,Night,Completed,48.529411764705884,8.5,37.53812115651408,0.0,44.0,0,Passive Users
U448,Video,65,65,1,3,2,0,72,6,78,Completed,Laptop,Night,Completed,100.0,13.0,64.36738455237379,0.045454545454545456,72.0,1,Regular Learners
U449,Video,68,68,3,4,1,3,71,14,52,Completed,Tablet,Night,Completed,100.0,3.7142857142857144,71.19696917983549,0.057971014492753624,23.666666666666668,1,Regular Learners
U450,Article,118,91,2,1,0,2,47,2,43,Completed,Laptop,Morning,Completed,77.11864406779661,21.5,22.31787861100136,0.010869565217391304,23.5,1,Regular Learners
U451,Course,79,41,7,4,1,3,58,14,49,Not Completed,Tablet,Afternoon,Not Completed,51.89873417721519,3.5,44.48378373824483,0.09523809523809523,19.333333333333332,0,Passive Users
U452,Tutorial,110,79,0,3,0,3,77,10,70,Not Completed,Laptop,Evening,Completed,71.81818181818181,7.0,45.33632857466434,0.0375,25.666666666666668,1,Regular Learners
U453,Quiz,42,42,3,3,0,1,42,14,71,Completed,Tablet,Morning,Completed,100.0,5.071428571428571,53.08372299395884,0.06976744186046512,42.0,1,Regular Learners
U454,Quiz,62,22,5,2,2,0,98,13,67,Completed,Mobile,Evening,Completed,35.483870967741936,5.153846153846154,46.18708774603118,0.08695652173913043,98.0,0,Passive Users
U455,Tutorial,31,31,0,5,5,4,44,15,170,Not Completed,Laptop,Morning,Completed,100.0,11.333333333333334,91.68572306222056,0.15625,11.0,2,Highly Engaged Learners
U456,Article,30,30,1,5,3,0,52,14,84,Completed,Laptop,Morning,Completed,100.0,6.0,80.99593842793269,0.16129032258064516,52.0,1,Regular Learners
U457,Quiz,79,79,5,1,1,4,86,3,25,Completed,Mobile,Night,Completed,100.0,8.333333333333334,51.89596914570463,0.0125,21.5,1,Regular Learners
U458,Course,79,45,0,3,0,0,85,14,91,Completed,Tablet,Night,Completed,56.9620253164557,6.5,45.40466884211282,0.06521739130434782,85.0,0,Passive Users
U459,Article,13,13,5,2,1,3,100,6,103,Not Completed,Laptop,Morning,Completed,100.0,17.166666666666668,63.179630704119596,0.14285714285714285,33.333333333333336,2,Highly Engaged Learners
U460,Course,103,38,1,2,5,2,70,13,57,Not Completed,Laptop,Night,Completed,36.89320388349515,4.384615384615385,56.35869476972771,0.05128205128205128,35.0,0,Passive Users
U461,Video,84,21,7,4,3,2,94,8,147,Not Completed,Tablet,Morning,Not Completed,25.0,18.375,47.144953752687805,0.18181818181818182,47.0,0,Passive Users
U462,Article,71,41,2,4,5,1,55,12,91,Not Completed,Mobile,Afternoon,Completed,57.74647887323944,7.583333333333333,67.75081012715427,0.09523809523809523,55.0,0,Passive Users
U463,Quiz,71,29,1,2,3,4,89,13,47,Not Completed,Tablet,Night,Completed,40.845070422535215,3.6153846153846154,52.00052494220587,0.06666666666666667,22.25,0,Passive Users
U464,Article,103,103,1,4,4,4,71,11,136,Not Completed,Tablet,Night,Completed,100.0,12.363636363636363,85.45001535888596,0.038461538461538464,17.75,2,Highly Engaged Learners
U465,Article,104,80,5,3,3,4,61,12,28,Completed,Tablet,Night,Completed,76.92307692307693,2.3333333333333335,63.20247212427833,0.037037037037037035,15.25,1,Regular Learners
U466,Article,33,33,7,0,2,3,68,1,173,Not Completed,Laptop,Afternoon,Completed,100.0,173.0,46.5510768285607,0.0,22.666666666666668,2,Highly Engaged Learners
U467,Article,64,64,6,3,5,4,61,1,72,Not Completed,Mobile,Morning,Completed,100.0,72.0,72.9785999522168,0.046153846153846156,15.25,1,Regular Learners
U468,Course,18,18,4,2,0,2,82,11,86,Completed,Mobile,Evening,Completed,100.0,7.818181818181818,57.83473838697566,0.10526315789473684,41.0,2,Highly Engaged Learners
U469,Video,12,12,3,2,4,3,42,13,140,Not Completed,Tablet,Night,Completed,100.0,10.76923076923077,72.08778456602614,0.15384615384615385,14.0,2,Highly Engaged Learners
U470,Tutorial,40,31,3,3,2,0,93,2,111,Not Completed,Laptop,Morning,Completed,77.5,55.5,55.1622922284037,0.09375,93.0,1,Regular Learners
U471,Article,49,49,2,4,1,4,49,11,74,Completed,Tablet,Afternoon,Completed,100.0,6.7272727272727275,61.10106146967473,0.08,12.25,1,Regular Learners
U472,Quiz,110,35,2,4,5,4,81,15,129,Completed,Laptop,Evening,Completed,31.818181818181817,8.6,66.71589784324006,0.1111111111111111,20.25,0,Passive Users
U473,Article,45,10,3,5,0,0,60,12,100,Completed,Laptop,Night,Not Completed,22.22222222222222,8.333333333333334,26.227288758433165,0.45454545454545453,60.0,0,Passive Users
U474,Quiz,33,33,4,2,3,4,55,12,17,Not Completed,Laptop,Afternoon,Completed,100.0,1.4166666666666667,68.82146148332707,0.058823529411764705,13.75,1,Regular Learners
U475,Course,104,44,3,1,0,0,51,6,82,Completed,Laptop,Afternoon,Not Completed,42.30769230769231,13.666666666666666,11.717911086490215,0.022222222222222223,51.0,0,Passive Users
U476,Quiz,15,15,6,5,1,3,41,9,143,Not Completed,Mobile,Evening,Completed,100.0,15.88888888888889,59.91330762142052,0.3125,13.666666666666666,2,Highly Engaged Learners
U477,Tutorial,75,16,4,4,4,2,80,4,116,Not Completed,Laptop,Morning,Not Completed,21.333333333333336,29.0,42.43353015461278,0.23529411764705882,40.0,0,Passive Users
U478,Video,93,93,2,3,4,0,63,3,98,Not Completed,Laptop,Night,Completed,100.0,32.666666666666664,70.00921533158127,0.031914893617021274,63.0,1,Regular Learners
U479,Quiz,101,57,0,4,5,1,74,12,48,Not Completed,Tablet,Night,Completed,56.43564356435643,4.0,72.76986103334045,0.06896551724137931,74.0,1,Regular Learners
U480,Quiz,84,75,5,3,4,0,95,8,122,Completed,Tablet,Morning,Completed,89.28571428571429,15.25,80.3596417235108,0.039473684210526314,95.0,2,Highly Engaged Learners
U481,Video,13,13,6,5,5,4,69,11,37,Completed,Mobile,Morning,Completed,100.0,3.3636363636363638,94.35816922079252,0.35714285714285715,17.25,1,Regular Learners
U482,Tutorial,88,49,6,2,5,3,96,10,106,Not Completed,Tablet,Morning,Completed,55.68181818181818,10.6,69.44233281309633,0.04,32.0,0,Passive Users
U483,Article,15,15,7,4,5,3,69,14,46,Completed,Laptop,Evening,Completed,100.0,3.2857142857142856,94.35816922079252,0.25,23.0,1,Regular Learners
U484,Quiz,103,30,2,3,3,0,86,9,146,Not Completed,Tablet,Evening,Not Completed,29.126213592233007,16.22222222222222,44.354308788828405,0.0967741935483871,86.0,0,Passive Users
U485,Video,111,89,2,2,2,2,74,12,91,Not Completed,Mobile,Night,Completed,80.18018018018019,7.583333333333333,59.10809611618512,0.022222222222222223,37.0,2,Highly Engaged Learners
U486,Course,60,60,1,1,5,1,58,11,65,Not Completed,Tablet,Evening,Completed,100.0,5.909090909090909,76.83879995904297,0.01639344262295082,58.0,1,Regular Learners
U487,Video,71,66,6,3,5,3,89,5,94,Completed,Tablet,Afternoon,Completed,92.95774647887323,18.8,82.69810679497304,0.04477611940298507,29.666666666666668,1,Regular Learners
U488,Course,66,50,1,5,2,4,47,9,11,Not Completed,Mobile,Night,Completed,75.75757575757575,1.2222222222222223,56.11609456109268,0.09803921568627451,11.75,1,Regular Learners
U489,Tutorial,75,68,1,1,0,4,65,2,67,Not Completed,Mobile,Evening,Completed,90.66666666666666,33.5,34.099457319362436,0.014492753623188406,16.25,1,Regular Learners
U490,Article,88,6,5,1,5,2,88,3,116,Completed,Laptop,Morning,Not Completed,6.8181818181818175,38.666666666666664,31.974097781804527,0.14285714285714285,44.0,0,Passive Users
U491,Video,84,58,1,0,3,3,79,7,132,Completed,Tablet,Afternoon,Completed,69.04761904761905,18.857142857142858,48.17716840652777,0.0,26.333333333333332,2,Highly Engaged Learners
U492,Quiz,17,17,4,4,4,0,46,7,177,Completed,Laptop,Morning,Completed,100.0,25.285714285714285,73.27553841428035,0.2222222222222222,46.0,2,Highly Engaged Learners
U493,Tutorial,35,35,3,3,4,4,69,6,173,Completed,Tablet,Night,Completed,100.0,28.833333333333332,75.3541076487252,0.08333333333333333,17.25,2,Highly Engaged Learners
U494,Video,60,55,0,1,1,2,46,6,123,Not Completed,Tablet,Morning,Completed,91.66666666666666,20.5,39.6225127137445,0.017857142857142856,23.0,2,Highly Engaged Learners
U495,Quiz,54,54,2,0,1,3,42,2,116,Completed,Laptop,Evening,Completed,100.0,58.0,34.07966142189153,0.0,14.0,2,Highly Engaged Learners
U496,Video,53,40,4,5,4,3,40,10,46,Not Completed,Tablet,Evening,Completed,75.47169811320755,4.6,66.96699674855283,0.12195121951219512,13.333333333333334,1,Regular Learners
U497,Course,14,14,0,2,4,3,75,6,88,Completed,Tablet,Night,Completed,100.0,14.666666666666666,73.57247687634391,0.13333333333333333,25.0,1,Regular Learners
U498,Video,79,30,6,3,3,3,64,4,101,Completed,Tablet,Morning,Not Completed,37.9746835443038,25.25,36.08681507685276,0.0967741935483871,21.333333333333332,0,Passive Users
U499,Video,35,33,6,1,2,3,76,12,27,Completed,Mobile,Night,Completed,94.28571428571428,2.25,62.84027246176126,0.029411764705882353,25.333333333333332,1,Regular Learners
U500,Video,77,25,6,4,1,4,40,3,107,Completed,Laptop,Morning,Not Completed,32.467532467532465,35.666666666666664,16.841805247552887,0.15384615384615385,10.0,0,Passive Users
